{
  "results": [
    {
      "command": "markdownlint-cli2",
      "mean": 1.7525871668333333,
      "stddev": 0.0533597070307988,
      "median": 1.7636508495,
      "user": 3.2033133333333335,
      "system": 0.16531866666666667,
      "min": 1.6691439510000001,
      "max": 1.799688605,
      "times": [
        1.6691439510000001,
        1.799688605,
        1.7361683600000002,
        1.791133339,
        1.7996854130000002,
        1.719703333
      ],
      "memory_usage_byte": [
        396271616,
        421687296,
        421687296,
        430489600,
        448872448,
        448872448
      ],
      "exit_codes": [
        1,
        1,
        1,
        1,
        1,
        1
      ]
    }
  ]
}
