{
  "results": [
    {
      "command": "mado",
      "mean": 0.0380224738,
      "stddev": 0.002302806471965208,
      "median": 0.038048367,
      "user": 0.0563755,
      "system": 0.006698,
      "min": 0.035354127,
      "max": 0.042517514,
      "times": [
        0.036184485,
        0.037648286,
        0.035354127,
        0.035809831,
        0.039517998000000006,
        0.038448448,
        0.042517514,
        0.039781656000000006,
        0.039197014,
        0.035765379
      ],
      "memory_usage_byte": [
        31334400,
        31334400,
        31334400,
        31334400,
        31334400,
        31334400,
        31334400,
        31334400,
        31334400,
        31334400
      ],
      "exit_codes": [
        1,
        1,
        1,
        1,
        1,
        1,
        1,
        1,
        1,
        1
      ]
    },
    {
      "command": "rumdl",
      "mean": 0.07445828680000002,
      "stddev": 0.005046919155868983,
      "median": 0.073416164,
      "user": 0.6131112,
      "system": 0.0386894,
      "min": 0.068492682,
      "max": 0.084548889,
      "times": [
        0.074006793,
        0.077807201,
        0.069813818,
        0.07282553500000001,
        0.075093725,
        0.080059133,
        0.068492682,
        0.084548889,
        0.071097928,
        0.07083716400000001
      ],
      "memory_usage_byte": [
        115761152,
        115761152,
        115761152,
        115761152,
        117456896,
        117456896,
        117456896,
        117530624,
        117530624,
        120324096
      ],
      "exit_codes": [
        1,
        1,
        1,
        1,
        1,
        1,
        1,
        1,
        1,
        1
      ]
    },
    {
      "command": "panache",
      "mean": 0.15841955419999998,
      "stddev": 0.0032243033605326914,
      "median": 0.158120859,
      "user": 1.0905115000000003,
      "system": 0.06497460000000001,
      "min": 0.153466446,
      "max": 0.163127332,
      "times": [
        0.163127332,
        0.16199807300000002,
        0.15457515500000002,
        0.16008075200000002,
        0.158171305,
        0.155946795,
        0.161426875,
        0.157332396,
        0.15807041300000002,
        0.153466446
      ],
      "memory_usage_byte": [
        120324096,
        120324096,
        120324096,
        120324096,
        120324096,
        120324096,
        120324096,
        120324096,
        120324096,
        120324096
      ],
      "exit_codes": [
        0,
        0,
        0,
        0,
        0,
        0,
        0,
        0,
        0,
        0
      ]
    },
    {
      "command": "mdsmith-parity",
      "mean": 0.0743969381,
      "stddev": 0.003431051645236243,
      "median": 0.0726732885,
      "user": 0.390109,
      "system": 0.045232499999999995,
      "min": 0.070880498,
      "max": 0.080085218,
      "times": [
        0.071999741,
        0.07298699,
        0.070880498,
        0.075792145,
        0.072359587,
        0.080085218,
        0.077850901,
        0.071699547,
        0.071480902,
        0.07883385200000001
      ],
      "memory_usage_byte": [
        120324096,
        120324096,
        120324096,
        120324096,
        120324096,
        120324096,
        120324096,
        120324096,
        120324096,
        120324096
      ],
      "exit_codes": [
        1,
        1,
        1,
        1,
        1,
        1,
        1,
        1,
        1,
        1
      ]
    },
    {
      "command": "mdsmith",
      "mean": 0.1282320044,
      "stddev": 0.002888992772258338,
      "median": 0.127620772,
      "user": 0.8075961999999999,
      "system": 0.0866887,
      "min": 0.12408204900000001,
      "max": 0.134146169,
      "times": [
        0.127148025,
        0.131337555,
        0.12560874800000002,
        0.126686784,
        0.12408204900000001,
        0.12809351900000002,
        0.134146169,
        0.12872961800000002,
        0.129375453,
        0.12711212400000002
      ],
      "memory_usage_byte": [
        120324096,
        120324096,
        120324096,
        120324096,
        120324096,
        120324096,
        120324096,
        120324096,
        120324096,
        120324096
      ],
      "exit_codes": [
        1,
        1,
        1,
        1,
        1,
        1,
        1,
        1,
        1,
        1
      ]
    }
  ]
}
