{
  "results": [
    {
      "command": "mado",
      "mean": 0.0463845901,
      "stddev": 0.0007951223317692068,
      "median": 0.046171789500000004,
      "user": 0.06893459999999998,
      "system": 0.0120729,
      "min": 0.045243549,
      "max": 0.047873242,
      "times": [
        0.047380019,
        0.046818973,
        0.046587831,
        0.045243549,
        0.046225133,
        0.045687215,
        0.046118446,
        0.047873242,
        0.045973599000000004,
        0.045937894
      ],
      "memory_usage_byte": [
        13070336,
        13070336,
        13070336,
        13144064,
        13144064,
        13144064,
        13144064,
        13144064,
        13144064,
        13144064
      ],
      "exit_codes": [
        1,
        1,
        1,
        1,
        1,
        1,
        1,
        1,
        1,
        1
      ]
    },
    {
      "command": "rumdl",
      "mean": 0.14963088180000003,
      "stddev": 0.005341543965827959,
      "median": 0.14854515350000003,
      "user": 0.45751869999999994,
      "system": 0.028764900000000003,
      "min": 0.144388039,
      "max": 0.161833828,
      "times": [
        0.14658585000000002,
        0.153120148,
        0.153506574,
        0.14825608,
        0.144775824,
        0.149599216,
        0.144388039,
        0.161833828,
        0.148834227,
        0.14540903200000002
      ],
      "memory_usage_byte": [
        33251328,
        33251328,
        33251328,
        33251328,
        33251328,
        33251328,
        33251328,
        33251328,
        33259520,
        33259520
      ],
      "exit_codes": [
        1,
        1,
        1,
        1,
        1,
        1,
        1,
        1,
        1,
        1
      ]
    },
    {
      "command": "panache",
      "mean": 0.3212847134,
      "stddev": 0.008336325262036608,
      "median": 0.318708684,
      "user": 0.8902946,
      "system": 0.027541099999999995,
      "min": 0.308579188,
      "max": 0.333480855,
      "times": [
        0.32964892500000004,
        0.317029807,
        0.333480855,
        0.319307969,
        0.31656786400000003,
        0.327702886,
        0.318109399,
        0.308579188,
        0.32986360200000003,
        0.312556639
      ],
      "memory_usage_byte": [
        33259520,
        33259520,
        33259520,
        33259520,
        33259520,
        33259520,
        33259520,
        33259520,
        33259520,
        33259520
      ],
      "exit_codes": [
        0,
        0,
        0,
        0,
        0,
        0,
        0,
        0,
        0,
        0
      ]
    },
    {
      "command": "mdsmith-parity",
      "mean": 0.4246222991,
      "stddev": 0.004989664274313175,
      "median": 0.4246024625,
      "user": 0.5016453000000001,
      "system": 0.0805106,
      "min": 0.41697450700000005,
      "max": 0.43110298300000005,
      "times": [
        0.43110298300000005,
        0.425835823,
        0.425092101,
        0.423983842,
        0.43077218300000003,
        0.424112824,
        0.42976077900000004,
        0.41962190600000004,
        0.41697450700000005,
        0.418966043
      ],
      "memory_usage_byte": [
        35672064,
        35672064,
        35672064,
        35672064,
        35672064,
        35672064,
        35672064,
        35672064,
        35672064,
        35672064
      ],
      "exit_codes": [
        1,
        1,
        1,
        1,
        1,
        1,
        1,
        1,
        1,
        1
      ]
    },
    {
      "command": "mdsmith",
      "mean": 0.7025077177,
      "stddev": 0.011636422484892186,
      "median": 0.7057062015000001,
      "user": 0.8820572999999999,
      "system": 0.0923657,
      "min": 0.6843367210000001,
      "max": 0.716346775,
      "times": [
        0.7021881000000001,
        0.6903384610000001,
        0.6843367210000001,
        0.693524868,
        0.7092243030000001,
        0.709952918,
        0.691728988,
        0.713744585,
        0.716346775,
        0.713691458
      ],
      "memory_usage_byte": [
        40701952,
        40701952,
        40701952,
        40701952,
        40701952,
        40701952,
        40701952,
        40701952,
        40701952,
        40701952
      ],
      "exit_codes": [
        1,
        1,
        1,
        1,
        1,
        1,
        1,
        1,
        1,
        1
      ]
    }
  ]
}
