{
  "results": [
    {
      "command": "mado",
      "mean": 0.040134261500000004,
      "stddev": 0.0015808452762444847,
      "median": 0.039743121000000006,
      "user": 0.05730040000000001,
      "system": 0.0124474,
      "min": 0.038202429,
      "max": 0.043939611,
      "times": [
        0.039614993,
        0.039329475,
        0.040527523,
        0.039117974,
        0.04084931,
        0.043939611,
        0.038202429,
        0.040817401,
        0.039871249000000004,
        0.03907265
      ],
      "memory_usage_byte": [
        28868608,
        28868608,
        28868608,
        28868608,
        28868608,
        28987392,
        28987392,
        28987392,
        28987392,
        28987392
      ],
      "exit_codes": [
        1,
        1,
        1,
        1,
        1,
        1,
        1,
        1,
        1,
        1
      ]
    },
    {
      "command": "rumdl",
      "mean": 0.08288340440000001,
      "stddev": 0.009385850708635042,
      "median": 0.0792010115,
      "user": 0.5385538,
      "system": 0.0474376,
      "min": 0.07466091300000001,
      "max": 0.104981049,
      "times": [
        0.079291004,
        0.079111019,
        0.07734115400000001,
        0.08265715500000001,
        0.09206283900000001,
        0.104981049,
        0.08596268700000001,
        0.07466091300000001,
        0.075759848,
        0.077006376
      ],
      "memory_usage_byte": [
        114368512,
        114368512,
        114368512,
        114368512,
        114368512,
        114368512,
        119345152,
        119345152,
        119345152,
        119345152
      ],
      "exit_codes": [
        1,
        1,
        1,
        1,
        1,
        1,
        1,
        1,
        1,
        1
      ]
    },
    {
      "command": "panache",
      "mean": 0.0778052524,
      "stddev": 0.0040229246616646725,
      "median": 0.077578636,
      "user": 0.8600654000000001,
      "system": 0.0791703,
      "min": 0.073174052,
      "max": 0.086442689,
      "times": [
        0.079926783,
        0.073916884,
        0.07770932700000001,
        0.077867059,
        0.077187189,
        0.073401984,
        0.086442689,
        0.077447945,
        0.080978612,
        0.073174052
      ],
      "memory_usage_byte": [
        119345152,
        119345152,
        119345152,
        119345152,
        119345152,
        119345152,
        119345152,
        119345152,
        119345152,
        119345152
      ],
      "exit_codes": [
        0,
        0,
        0,
        0,
        0,
        0,
        0,
        0,
        0,
        0
      ]
    },
    {
      "command": "mdsmith-parity",
      "mean": 0.0378524967,
      "stddev": 0.0017749851953555403,
      "median": 0.03815605600000001,
      "user": 0.21512189999999998,
      "system": 0.0446227,
      "min": 0.034849593000000005,
      "max": 0.040178290000000005,
      "times": [
        0.038794287000000004,
        0.034849593000000005,
        0.038159202,
        0.038152910000000005,
        0.0396593,
        0.038856142,
        0.040178290000000005,
        0.03811574,
        0.036484952,
        0.035274551
      ],
      "memory_usage_byte": [
        119345152,
        119345152,
        119345152,
        119345152,
        119345152,
        119345152,
        119345152,
        119345152,
        119345152,
        119345152
      ],
      "exit_codes": [
        1,
        1,
        1,
        1,
        1,
        1,
        1,
        1,
        1,
        1
      ]
    },
    {
      "command": "mdsmith",
      "mean": 0.19535268759999996,
      "stddev": 0.008124520015940552,
      "median": 0.1950548115,
      "user": 1.0354744999999999,
      "system": 0.16807319999999998,
      "min": 0.18457515200000002,
      "max": 0.206977185,
      "times": [
        0.195126712,
        0.189633441,
        0.18480163600000002,
        0.206472906,
        0.194982911,
        0.19647772900000002,
        0.203006667,
        0.18457515200000002,
        0.191472537,
        0.206977185
      ],
      "memory_usage_byte": [
        119345152,
        119345152,
        119345152,
        119345152,
        119345152,
        119345152,
        119345152,
        119345152,
        119345152,
        119345152
      ],
      "exit_codes": [
        1,
        1,
        1,
        1,
        1,
        1,
        1,
        1,
        1,
        1
      ]
    }
  ]
}
