{
  "results": [
    {
      "command": "markdownlint-cli2",
      "mean": 2.133425356,
      "stddev": 0.0338875845361449,
      "median": 2.1268720615,
      "user": 3.8612655,
      "system": 0.19565333333333332,
      "min": 2.100210076,
      "max": 2.192048419,
      "times": [
        2.104468012,
        2.127068461,
        2.150081506,
        2.126675662,
        2.192048419,
        2.100210076
      ],
      "memory_usage_byte": [
        388763648,
        388763648,
        388763648,
        405630976,
        405630976,
        405630976
      ],
      "exit_codes": [
        1,
        1,
        1,
        1,
        1,
        1
      ]
    }
  ]
}
