{
  "results": [
    {
      "command": "markdownlint-cli2",
      "mean": 3.524971098833333,
      "stddev": 0.0667506621201746,
      "median": 3.528439755,
      "user": 5.593754999999999,
      "system": 0.3323053333333333,
      "min": 3.424795836,
      "max": 3.604186371,
      "times": [
        3.424795836,
        3.558623281,
        3.498256229,
        3.576835757,
        3.604186371,
        3.487129119
      ],
      "memory_usage_byte": [
        237473792,
        237473792,
        237473792,
        237473792,
        237473792,
        239869952
      ],
      "exit_codes": [
        1,
        1,
        1,
        1,
        1,
        1
      ]
    }
  ]
}
