{
  "results": [
    {
      "command": "markdownlint-cli2",
      "mean": 3.2842742013333335,
      "stddev": 0.12840333863100034,
      "median": 3.2322140189999997,
      "user": 5.584376833333333,
      "system": 0.28352249999999996,
      "min": 3.182215342,
      "max": 3.530068468,
      "times": [
        3.316423083,
        3.23118495,
        3.233243088,
        3.182215342,
        3.212510277,
        3.530068468
      ],
      "memory_usage_byte": [
        247451648,
        247451648,
        247451648,
        248123392,
        248123392,
        248123392
      ],
      "exit_codes": [
        1,
        1,
        1,
        1,
        1,
        1
      ]
    }
  ]
}
