{
  "results": [
    {
      "command": "mado",
      "mean": 0.047173105900000005,
      "stddev": 0.0032777425411887264,
      "median": 0.047268666,
      "user": 0.0687119,
      "system": 0.0160253,
      "min": 0.043454711,
      "max": 0.051287822000000004,
      "times": [
        0.043791188,
        0.045824054,
        0.044279954,
        0.043454711,
        0.043605863,
        0.050626503,
        0.049596599000000005,
        0.050551087,
        0.048713278000000006,
        0.051287822000000004
      ],
      "memory_usage_byte": [
        12038144,
        12038144,
        12038144,
        12038144,
        12038144,
        12038144,
        12038144,
        12038144,
        12038144,
        12038144
      ],
      "exit_codes": [
        1,
        1,
        1,
        1,
        1,
        1,
        1,
        1,
        1,
        1
      ]
    },
    {
      "command": "rumdl",
      "mean": 0.1737010608,
      "stddev": 0.008894855668780812,
      "median": 0.1767703605,
      "user": 0.47621149999999995,
      "system": 0.036645699999999996,
      "min": 0.15703159900000002,
      "max": 0.183711336,
      "times": [
        0.177593217,
        0.181545686,
        0.170017423,
        0.17918803700000002,
        0.183711336,
        0.17273047700000002,
        0.175947504,
        0.15703159900000002,
        0.16028534,
        0.178959989
      ],
      "memory_usage_byte": [
        34668544,
        34668544,
        34668544,
        34668544,
        34668544,
        34668544,
        34668544,
        34668544,
        34668544,
        34668544
      ],
      "exit_codes": [
        1,
        1,
        1,
        1,
        1,
        1,
        1,
        1,
        1,
        1
      ]
    },
    {
      "command": "panache",
      "mean": 0.21673735160000002,
      "stddev": 0.005373082932817418,
      "median": 0.21514908650000003,
      "user": 0.7586439000000001,
      "system": 0.048249799999999995,
      "min": 0.210315677,
      "max": 0.225274845,
      "times": [
        0.216585505,
        0.225156973,
        0.214611864,
        0.22118610000000002,
        0.211939225,
        0.225274845,
        0.21525022200000002,
        0.210315677,
        0.21504795100000001,
        0.212005154
      ],
      "memory_usage_byte": [
        34668544,
        34668544,
        34668544,
        34668544,
        34668544,
        34668544,
        34668544,
        34668544,
        34668544,
        34668544
      ],
      "exit_codes": [
        0,
        0,
        0,
        0,
        0,
        0,
        0,
        0,
        0,
        0
      ]
    },
    {
      "command": "mdsmith-parity",
      "mean": 0.3049339063,
      "stddev": 0.00846922539369342,
      "median": 0.302220117,
      "user": 0.34930749999999994,
      "system": 0.0672798,
      "min": 0.295244025,
      "max": 0.32358047100000004,
      "times": [
        0.295244025,
        0.30567282300000004,
        0.300577033,
        0.29882990200000004,
        0.29859182500000003,
        0.303725697,
        0.32358047100000004,
        0.309065087,
        0.31333766300000004,
        0.300714537
      ],
      "memory_usage_byte": [
        34668544,
        34668544,
        34668544,
        34668544,
        34668544,
        34668544,
        34668544,
        34668544,
        34668544,
        34668544
      ],
      "exit_codes": [
        1,
        1,
        1,
        1,
        1,
        1,
        1,
        1,
        1,
        1
      ]
    },
    {
      "command": "mdsmith",
      "mean": 0.7699795642,
      "stddev": 0.018990406510906086,
      "median": 0.7685507245000001,
      "user": 1.0112432999999998,
      "system": 0.16258659999999997,
      "min": 0.7390150520000001,
      "max": 0.8060045960000001,
      "times": [
        0.760954872,
        0.8060045960000001,
        0.772084461,
        0.769654862,
        0.767446587,
        0.793478823,
        0.7750235200000001,
        0.7390150520000001,
        0.7622626760000001,
        0.753870193
      ],
      "memory_usage_byte": [
        34668544,
        34668544,
        34668544,
        34668544,
        34668544,
        34668544,
        34668544,
        34668544,
        34668544,
        34668544
      ],
      "exit_codes": [
        1,
        1,
        1,
        1,
        1,
        1,
        1,
        1,
        1,
        1
      ]
    }
  ]
}
