{
  "results": [
    {
      "command": "mado",
      "mean": 0.04541939469999999,
      "stddev": 0.0024585417298141525,
      "median": 0.044336134,
      "user": 0.0694476,
      "system": 0.0157608,
      "min": 0.04350756,
      "max": 0.050853094,
      "times": [
        0.043680482,
        0.04388864,
        0.044889475000000005,
        0.044783628000000006,
        0.046844941,
        0.04350756,
        0.050853094,
        0.043703295,
        0.043845920000000004,
        0.048196912
      ],
      "memory_usage_byte": [
        28827648,
        28954624,
        28954624,
        29167616,
        29167616,
        29167616,
        29167616,
        29167616,
        29167616,
        29167616
      ],
      "exit_codes": [
        1,
        1,
        1,
        1,
        1,
        1,
        1,
        1,
        1,
        1
      ]
    },
    {
      "command": "rumdl",
      "mean": 0.21904109030000002,
      "stddev": 0.004823287562605804,
      "median": 0.22052966100000002,
      "user": 0.6551779,
      "system": 0.0543559,
      "min": 0.212506137,
      "max": 0.22601752700000002,
      "times": [
        0.212506137,
        0.22601752700000002,
        0.21290113400000002,
        0.213362093,
        0.217100642,
        0.220268549,
        0.220841997,
        0.22079077300000002,
        0.22337894700000002,
        0.22324310400000003
      ],
      "memory_usage_byte": [
        56078336,
        56078336,
        56078336,
        56078336,
        56078336,
        56078336,
        56078336,
        56078336,
        56078336,
        56078336
      ],
      "exit_codes": [
        1,
        1,
        1,
        1,
        1,
        1,
        1,
        1,
        1,
        1
      ]
    },
    {
      "command": "panache",
      "mean": 0.4039712951,
      "stddev": 0.001524455214176783,
      "median": 0.404210112,
      "user": 1.4606990999999998,
      "system": 0.1033021,
      "min": 0.40194050200000003,
      "max": 0.40647332900000005,
      "times": [
        0.40487853100000004,
        0.403903783,
        0.40212305400000004,
        0.403599767,
        0.40194050200000003,
        0.404516441,
        0.404636906,
        0.40545798600000005,
        0.40647332900000005,
        0.40218265200000003
      ],
      "memory_usage_byte": [
        56078336,
        56078336,
        56078336,
        56078336,
        56078336,
        56078336,
        56078336,
        56078336,
        56078336,
        56078336
      ],
      "exit_codes": [
        0,
        0,
        0,
        0,
        0,
        0,
        0,
        0,
        0,
        0
      ]
    },
    {
      "command": "mdsmith-parity",
      "mean": 0.11146342900000002,
      "stddev": 0.004503131211771326,
      "median": 0.10992847450000001,
      "user": 0.3155095,
      "system": 0.045574899999999995,
      "min": 0.10732580500000001,
      "max": 0.122517156,
      "times": [
        0.10898639900000001,
        0.109286067,
        0.122517156,
        0.116049944,
        0.110541948,
        0.109510045,
        0.10732580500000001,
        0.11034690400000001,
        0.11083936800000001,
        0.10923065400000001
      ],
      "memory_usage_byte": [
        56078336,
        56078336,
        56078336,
        56078336,
        56078336,
        56078336,
        56078336,
        56078336,
        56078336,
        56078336
      ],
      "exit_codes": [
        1,
        1,
        1,
        1,
        1,
        1,
        1,
        1,
        1,
        1
      ]
    },
    {
      "command": "mdsmith",
      "mean": 0.5031731829,
      "stddev": 0.01377219971489737,
      "median": 0.49729143550000005,
      "user": 1.1811428999999998,
      "system": 0.4818542,
      "min": 0.48682935000000005,
      "max": 0.535580355,
      "times": [
        0.504696618,
        0.49671247700000004,
        0.503917672,
        0.49634258900000006,
        0.496370711,
        0.535580355,
        0.516699186,
        0.48682935000000005,
        0.49740664500000004,
        0.49717622600000005
      ],
      "memory_usage_byte": [
        56078336,
        56078336,
        56078336,
        56078336,
        56078336,
        56078336,
        56078336,
        56078336,
        56078336,
        56078336
      ],
      "exit_codes": [
        1,
        1,
        1,
        1,
        1,
        1,
        1,
        1,
        1,
        1
      ]
    }
  ]
}
