{
  "results": [
    {
      "command": "mado",
      "mean": 0.052734539400000016,
      "stddev": 0.000921647154728026,
      "median": 0.052336967,
      "user": 0.0800774,
      "system": 0.017468599999999997,
      "min": 0.051563213000000004,
      "max": 0.054329173,
      "times": [
        0.052875518,
        0.052291226,
        0.05294444,
        0.054322053,
        0.052382708,
        0.052144693000000006,
        0.054329173,
        0.051563213000000004,
        0.052227532,
        0.052264838
      ],
      "memory_usage_byte": [
        29642752,
        29642752,
        29642752,
        29642752,
        29642752,
        29642752,
        29642752,
        29642752,
        29642752,
        29642752
      ],
      "exit_codes": [
        1,
        1,
        1,
        1,
        1,
        1,
        1,
        1,
        1,
        1
      ]
    },
    {
      "command": "rumdl",
      "mean": 0.2574137378,
      "stddev": 0.028577568438462226,
      "median": 0.27239832500000005,
      "user": 0.6415513,
      "system": 0.06333609999999999,
      "min": 0.218498831,
      "max": 0.284769148,
      "times": [
        0.284641248,
        0.28011476700000004,
        0.276930167,
        0.26786648300000004,
        0.284769148,
        0.28069291300000004,
        0.218498831,
        0.226195062,
        0.227048258,
        0.227380501
      ],
      "memory_usage_byte": [
        50540544,
        50540544,
        50540544,
        50540544,
        51195904,
        51195904,
        51195904,
        51195904,
        51195904,
        51527680
      ],
      "exit_codes": [
        1,
        1,
        1,
        1,
        1,
        1,
        1,
        1,
        1,
        1
      ]
    },
    {
      "command": "panache",
      "mean": 0.4074477811,
      "stddev": 0.003048123751110528,
      "median": 0.40601087850000006,
      "user": 1.4487319,
      "system": 0.1172207,
      "min": 0.404748086,
      "max": 0.41356786300000004,
      "times": [
        0.408892181,
        0.405369798,
        0.404748086,
        0.40598256600000004,
        0.411539486,
        0.41356786300000004,
        0.40813555900000004,
        0.40534206700000003,
        0.404861014,
        0.406039191
      ],
      "memory_usage_byte": [
        51527680,
        51527680,
        51527680,
        51527680,
        51527680,
        51527680,
        51527680,
        51527680,
        51527680,
        51527680
      ],
      "exit_codes": [
        0,
        0,
        0,
        0,
        0,
        0,
        0,
        0,
        0,
        0
      ]
    },
    {
      "command": "mdsmith-parity",
      "mean": 0.12613645369999998,
      "stddev": 0.0013588308549100426,
      "median": 0.1262468235,
      "user": 0.3684899,
      "system": 0.048781099999999994,
      "min": 0.123837606,
      "max": 0.128429295,
      "times": [
        0.12566112000000002,
        0.12577090200000002,
        0.12549183900000002,
        0.127186141,
        0.123837606,
        0.12686519500000001,
        0.126912896,
        0.128429295,
        0.12448679800000001,
        0.126722745
      ],
      "memory_usage_byte": [
        51527680,
        51527680,
        51527680,
        51527680,
        51527680,
        51527680,
        51527680,
        51527680,
        51527680,
        51527680
      ],
      "exit_codes": [
        1,
        1,
        1,
        1,
        1,
        1,
        1,
        1,
        1,
        1
      ]
    },
    {
      "command": "mdsmith",
      "mean": 0.5366271462000001,
      "stddev": 0.009183966077949577,
      "median": 0.5365802275,
      "user": 1.2236300999999998,
      "system": 0.5485346,
      "min": 0.5216290720000001,
      "max": 0.552478127,
      "times": [
        0.546028033,
        0.5311266560000001,
        0.5216290720000001,
        0.537966438,
        0.535194017,
        0.539156183,
        0.552478127,
        0.543468136,
        0.531712775,
        0.527512025
      ],
      "memory_usage_byte": [
        51527680,
        51527680,
        51527680,
        51527680,
        51527680,
        51527680,
        51527680,
        51527680,
        51527680,
        51527680
      ],
      "exit_codes": [
        1,
        1,
        1,
        1,
        1,
        1,
        1,
        1,
        1,
        1
      ]
    }
  ]
}
