{
  "results": [
    {
      "command": "markdownlint-cli2",
      "mean": 3.0708236625,
      "stddev": 0.04689262916275697,
      "median": 3.087808292,
      "user": 4.574216166666667,
      "system": 0.2634475,
      "min": 2.994799726,
      "max": 3.114499604,
      "times": [
        3.106914132,
        3.033111929,
        3.089498625,
        3.086117959,
        2.994799726,
        3.114499604
      ],
      "memory_usage_byte": [
        388169728,
        388169728,
        388169728,
        388169728,
        388169728,
        388169728
      ],
      "exit_codes": [
        1,
        1,
        1,
        1,
        1,
        1
      ]
    }
  ]
}
