{
  "results": [
    {
      "command": "mado",
      "mean": 0.0473928878,
      "stddev": 0.0047637051415211065,
      "median": 0.04476737,
      "user": 0.07288259999999999,
      "system": 0.0154678,
      "min": 0.044083380000000005,
      "max": 0.056595206,
      "times": [
        0.044606666,
        0.054980538,
        0.045051094,
        0.044572222,
        0.044425057000000004,
        0.044697685,
        0.056595206,
        0.050079975000000006,
        0.044837055,
        0.044083380000000005
      ],
      "memory_usage_byte": [
        29192192,
        29192192,
        29192192,
        29192192,
        29192192,
        29192192,
        29192192,
        29298688,
        29298688,
        29298688
      ],
      "exit_codes": [
        1,
        1,
        1,
        1,
        1,
        1,
        1,
        1,
        1,
        1
      ]
    },
    {
      "command": "rumdl",
      "mean": 0.22843177039999998,
      "stddev": 0.006558251990144516,
      "median": 0.22921386250000003,
      "user": 0.6378177,
      "system": 0.052885499999999995,
      "min": 0.219157595,
      "max": 0.235648396,
      "times": [
        0.22136464900000002,
        0.23521529000000002,
        0.235648396,
        0.23275136700000001,
        0.232902718,
        0.23545659100000002,
        0.22567635800000002,
        0.222999464,
        0.219157595,
        0.223145276
      ],
      "memory_usage_byte": [
        51474432,
        51474432,
        51474432,
        52232192,
        52232192,
        52232192,
        52944896,
        52944896,
        52944896,
        52944896
      ],
      "exit_codes": [
        1,
        1,
        1,
        1,
        1,
        1,
        1,
        1,
        1,
        1
      ]
    },
    {
      "command": "panache",
      "mean": 0.4000477302000001,
      "stddev": 0.004034579596300272,
      "median": 0.3990837235,
      "user": 1.4341085,
      "system": 0.1053056,
      "min": 0.396597079,
      "max": 0.41121380700000004,
      "times": [
        0.397880801,
        0.41121380700000004,
        0.399036155,
        0.398988214,
        0.399131292,
        0.396597079,
        0.398956676,
        0.399256545,
        0.39940487100000005,
        0.40001186200000005
      ],
      "memory_usage_byte": [
        52944896,
        52944896,
        52944896,
        52944896,
        52944896,
        52944896,
        52944896,
        52944896,
        52944896,
        52944896
      ],
      "exit_codes": [
        0,
        0,
        0,
        0,
        0,
        0,
        0,
        0,
        0,
        0
      ]
    },
    {
      "command": "mdsmith-parity",
      "mean": 0.10920578709999999,
      "stddev": 0.00118729993831199,
      "median": 0.109291893,
      "user": 0.3172568,
      "system": 0.040275599999999995,
      "min": 0.107102263,
      "max": 0.110925537,
      "times": [
        0.109393663,
        0.108573732,
        0.10837311100000001,
        0.107102263,
        0.11021916300000001,
        0.11035025500000001,
        0.110925537,
        0.109893373,
        0.10803665100000001,
        0.109190123
      ],
      "memory_usage_byte": [
        52944896,
        52944896,
        52944896,
        52944896,
        52944896,
        52944896,
        52944896,
        52944896,
        52944896,
        52944896
      ],
      "exit_codes": [
        1,
        1,
        1,
        1,
        1,
        1,
        1,
        1,
        1,
        1
      ]
    },
    {
      "command": "mdsmith",
      "mean": 0.49725625650000005,
      "stddev": 0.007458575728287204,
      "median": 0.494323614,
      "user": 1.1655928,
      "system": 0.4861962999999999,
      "min": 0.48735155500000005,
      "max": 0.5079967940000001,
      "times": [
        0.49465223700000005,
        0.49128388100000003,
        0.506770048,
        0.49399499100000005,
        0.49210426,
        0.5079967940000001,
        0.50746,
        0.49365737400000004,
        0.497291425,
        0.48735155500000005
      ],
      "memory_usage_byte": [
        52944896,
        52944896,
        52944896,
        52944896,
        52944896,
        52944896,
        52944896,
        52944896,
        52944896,
        52944896
      ],
      "exit_codes": [
        1,
        1,
        1,
        1,
        1,
        1,
        1,
        1,
        1,
        1
      ]
    }
  ]
}
