{
  "results": [
    {
      "command": "markdownlint-cli2",
      "mean": 3.213003237666667,
      "stddev": 0.06939133016329117,
      "median": 3.1868543794999997,
      "user": 4.8342055,
      "system": 0.25543183333333336,
      "min": 3.145047257,
      "max": 3.34141693,
      "times": [
        3.34141693,
        3.19224533,
        3.236389117,
        3.181463429,
        3.145047257,
        3.181457363
      ],
      "memory_usage_byte": [
        387194880,
        387194880,
        387194880,
        387194880,
        387194880,
        387194880
      ],
      "exit_codes": [
        1,
        1,
        1,
        1,
        1,
        1
      ]
    }
  ]
}
