{
  "results": [
    {
      "command": "markdownlint-cli2",
      "mean": 3.4688882506666663,
      "stddev": 0.07230749167278688,
      "median": 3.4793578314999998,
      "user": 5.310280666666666,
      "system": 0.29628000000000004,
      "min": 3.363170446,
      "max": 3.559253165,
      "times": [
        3.559253165,
        3.446232383,
        3.51248328,
        3.363170446,
        3.419349117,
        3.512841113
      ],
      "memory_usage_byte": [
        366206976,
        373252096,
        373252096,
        373252096,
        373252096,
        373252096
      ],
      "exit_codes": [
        1,
        1,
        1,
        1,
        1,
        1
      ]
    }
  ]
}
