{
  "results": [
    {
      "command": "markdownlint-cli2",
      "mean": 3.1116611745,
      "stddev": 0.03275903115107502,
      "median": 3.118412622,
      "user": 4.644559,
      "system": 0.25990966666666665,
      "min": 3.052644302,
      "max": 3.1431873,
      "times": [
        3.052644302,
        3.100456168,
        3.136854033,
        3.11408328,
        3.122741964,
        3.1431873
      ],
      "memory_usage_byte": [
        344752128,
        344752128,
        384290816,
        384290816,
        384290816,
        384290816
      ],
      "exit_codes": [
        1,
        1,
        1,
        1,
        1,
        1
      ]
    }
  ]
}
