{
  "results": [
    {
      "command": "mado",
      "mean": 0.046911680500000004,
      "stddev": 0.003343933809219024,
      "median": 0.0455120945,
      "user": 0.07620769999999999,
      "system": 0.0072842,
      "min": 0.045057272,
      "max": 0.055762428,
      "times": [
        0.045057272,
        0.045452238000000006,
        0.055762428,
        0.045934627000000006,
        0.045494347000000004,
        0.045302689,
        0.045444043,
        0.04933755,
        0.045801769000000006,
        0.045529842
      ],
      "memory_usage_byte": [
        29605888,
        29642752,
        29642752,
        29642752,
        31375360,
        31748096,
        31748096,
        31748096,
        31748096,
        33861632
      ],
      "exit_codes": [
        1,
        1,
        1,
        1,
        1,
        1,
        1,
        1,
        1,
        1
      ]
    },
    {
      "command": "rumdl",
      "mean": 0.1950498616,
      "stddev": 0.0026239394588549593,
      "median": 0.19456057400000001,
      "user": 0.6465502999999999,
      "system": 0.034713299999999996,
      "min": 0.192097444,
      "max": 0.19872808900000002,
      "times": [
        0.19449941,
        0.19317044300000002,
        0.192272401,
        0.19626326700000002,
        0.19849757,
        0.197875671,
        0.19872808900000002,
        0.192472583,
        0.192097444,
        0.19462173800000002
      ],
      "memory_usage_byte": [
        47534080,
        48320512,
        48320512,
        48320512,
        48320512,
        48320512,
        48582656,
        51154944,
        51154944,
        51154944
      ],
      "exit_codes": [
        1,
        1,
        1,
        1,
        1,
        1,
        1,
        1,
        1,
        1
      ]
    },
    {
      "command": "panache",
      "mean": 0.5476556918000001,
      "stddev": 0.016718865778274146,
      "median": 0.554609102,
      "user": 1.6124785,
      "system": 0.0561358,
      "min": 0.522438344,
      "max": 0.561982179,
      "times": [
        0.5575333250000001,
        0.555199557,
        0.5267854120000001,
        0.561696196,
        0.522438344,
        0.561982179,
        0.5226175980000001,
        0.552674352,
        0.554018647,
        0.561611308
      ],
      "memory_usage_byte": [
        51154944,
        51154944,
        51154944,
        51154944,
        51154944,
        51154944,
        51154944,
        51154944,
        51154944,
        51154944
      ],
      "exit_codes": [
        0,
        0,
        0,
        0,
        0,
        0,
        0,
        0,
        0,
        0
      ]
    },
    {
      "command": "mdsmith-parity",
      "mean": 0.1991919008,
      "stddev": 0.002599096770804761,
      "median": 0.198702514,
      "user": 0.539775,
      "system": 0.047727,
      "min": 0.195402547,
      "max": 0.203559852,
      "times": [
        0.195402547,
        0.19831035800000002,
        0.19701995300000003,
        0.19973763,
        0.19909467,
        0.20194145500000002,
        0.201943006,
        0.203559852,
        0.197010977,
        0.19789856
      ],
      "memory_usage_byte": [
        51154944,
        51154944,
        51154944,
        51154944,
        51154944,
        51154944,
        51154944,
        51154944,
        51154944,
        51154944
      ],
      "exit_codes": [
        1,
        1,
        1,
        1,
        1,
        1,
        1,
        1,
        1,
        1
      ]
    },
    {
      "command": "mdsmith",
      "mean": 0.33971639630000006,
      "stddev": 0.005725555102199148,
      "median": 0.3380273245,
      "user": 0.9635303000000001,
      "system": 0.0802595,
      "min": 0.332327898,
      "max": 0.349016537,
      "times": [
        0.332327898,
        0.337833545,
        0.33467224900000003,
        0.338221104,
        0.33449127700000003,
        0.34510121600000004,
        0.336688908,
        0.349016537,
        0.346983354,
        0.341827875
      ],
      "memory_usage_byte": [
        54640640,
        54800384,
        54951936,
        54951936,
        54951936,
        54951936,
        54951936,
        54951936,
        54951936,
        54951936
      ],
      "exit_codes": [
        1,
        1,
        1,
        1,
        1,
        1,
        1,
        1,
        1,
        1
      ]
    }
  ]
}
