{
  "results": [
    {
      "command": "mado",
      "mean": 0.04690344050000001,
      "stddev": 0.0030451917570623152,
      "median": 0.045748695500000006,
      "user": 0.0697371,
      "system": 0.017071899999999997,
      "min": 0.045027287000000006,
      "max": 0.054943815,
      "times": [
        0.049040616,
        0.054943815,
        0.046389854,
        0.045387438,
        0.0453888,
        0.045854359000000004,
        0.045377353,
        0.045643032,
        0.045027287000000006,
        0.045981851000000004
      ],
      "memory_usage_byte": [
        29077504,
        29077504,
        29077504,
        29077504,
        33259520,
        33259520,
        33259520,
        33259520,
        33259520,
        33259520
      ],
      "exit_codes": [
        1,
        1,
        1,
        1,
        1,
        1,
        1,
        1,
        1,
        1
      ]
    },
    {
      "command": "rumdl",
      "mean": 0.2247380165,
      "stddev": 0.007775909711709469,
      "median": 0.22403724000000003,
      "user": 0.6461477,
      "system": 0.061137699999999996,
      "min": 0.213786983,
      "max": 0.234366645,
      "times": [
        0.230306788,
        0.21740935500000003,
        0.213786983,
        0.225904615,
        0.218812792,
        0.234366645,
        0.23373236200000003,
        0.21763951,
        0.23325125000000002,
        0.22216986500000002
      ],
      "memory_usage_byte": [
        51765248,
        51765248,
        51765248,
        51765248,
        51765248,
        52113408,
        52113408,
        52113408,
        52113408,
        52113408
      ],
      "exit_codes": [
        1,
        1,
        1,
        1,
        1,
        1,
        1,
        1,
        1,
        1
      ]
    },
    {
      "command": "panache",
      "mean": 0.4150972097,
      "stddev": 0.004643737625491066,
      "median": 0.41483689450000005,
      "user": 1.4687693999999998,
      "system": 0.11567989999999999,
      "min": 0.409210583,
      "max": 0.42445985,
      "times": [
        0.409210583,
        0.41264891800000003,
        0.41583076700000005,
        0.42445985,
        0.417466274,
        0.410807643,
        0.41059886900000003,
        0.413843022,
        0.41903790500000004,
        0.417068266
      ],
      "memory_usage_byte": [
        52113408,
        52113408,
        52113408,
        52113408,
        52113408,
        52113408,
        52113408,
        52113408,
        52113408,
        52113408
      ],
      "exit_codes": [
        0,
        0,
        0,
        0,
        0,
        0,
        0,
        0,
        0,
        0
      ]
    },
    {
      "command": "mdsmith-parity",
      "mean": 0.13202540329999998,
      "stddev": 0.005342749690528984,
      "median": 0.131022078,
      "user": 0.3802920999999999,
      "system": 0.0506997,
      "min": 0.12678751300000002,
      "max": 0.146568886,
      "times": [
        0.12678751300000002,
        0.12987173600000002,
        0.130871066,
        0.131021532,
        0.146568886,
        0.131022624,
        0.131760878,
        0.131908134,
        0.128921678,
        0.131519986
      ],
      "memory_usage_byte": [
        52113408,
        52113408,
        52113408,
        52113408,
        52113408,
        52113408,
        52113408,
        52113408,
        52113408,
        52113408
      ],
      "exit_codes": [
        1,
        1,
        1,
        1,
        1,
        1,
        1,
        1,
        1,
        1
      ]
    },
    {
      "command": "mdsmith",
      "mean": 0.45881285629999996,
      "stddev": 0.015038905548620278,
      "median": 0.45549126650000005,
      "user": 1.0506692,
      "system": 0.5297002999999998,
      "min": 0.446601744,
      "max": 0.49974622,
      "times": [
        0.45579516900000006,
        0.44752509,
        0.454731755,
        0.46088326100000004,
        0.446601744,
        0.45555813700000003,
        0.49974622,
        0.453218092,
        0.45864469900000004,
        0.455424396
      ],
      "memory_usage_byte": [
        52113408,
        52113408,
        52113408,
        52113408,
        52113408,
        52113408,
        52113408,
        52113408,
        52113408,
        52113408
      ],
      "exit_codes": [
        1,
        1,
        1,
        1,
        1,
        1,
        1,
        1,
        1,
        1
      ]
    }
  ]
}
