{
  "results": [
    {
      "command": "markdownlint-cli2",
      "mean": 3.1121226145,
      "stddev": 0.115834021782132,
      "median": 3.0609181535000003,
      "user": 4.693874333333333,
      "system": 0.27205416666666665,
      "min": 3.015836257,
      "max": 3.3296945510000002,
      "times": [
        3.3296945510000002,
        3.152834464,
        3.052534108,
        3.064589282,
        3.015836257,
        3.057247025
      ],
      "memory_usage_byte": [
        380993536,
        380993536,
        380993536,
        380993536,
        380993536,
        380993536
      ],
      "exit_codes": [
        1,
        1,
        1,
        1,
        1,
        1
      ]
    }
  ]
}
