{
  "results": [
    {
      "command": "mado",
      "mean": 0.0475919036,
      "stddev": 0.002558305359846075,
      "median": 0.04612767250000001,
      "user": 0.0765564,
      "system": 0.0080229,
      "min": 0.045618132000000006,
      "max": 0.052288824000000005,
      "times": [
        0.045961242000000006,
        0.050769271000000005,
        0.045978514000000005,
        0.045955441,
        0.045618132000000006,
        0.052288824000000005,
        0.045996708000000004,
        0.046258637000000005,
        0.05063998,
        0.046452287
      ],
      "memory_usage_byte": [
        29712384,
        29712384,
        29712384,
        29712384,
        29712384,
        29712384,
        29712384,
        29712384,
        29712384,
        29773824
      ],
      "exit_codes": [
        1,
        1,
        1,
        1,
        1,
        1,
        1,
        1,
        1,
        1
      ]
    },
    {
      "command": "rumdl",
      "mean": 0.19655935720000003,
      "stddev": 0.0037161738077987607,
      "median": 0.19663431450000002,
      "user": 0.6484103999999999,
      "system": 0.034220299999999995,
      "min": 0.19159835,
      "max": 0.20406079600000002,
      "times": [
        0.19749876100000002,
        0.195769868,
        0.192528639,
        0.197862969,
        0.19496290700000002,
        0.20406079600000002,
        0.198404936,
        0.19945126600000002,
        0.19345508,
        0.19159835
      ],
      "memory_usage_byte": [
        51101696,
        51101696,
        51101696,
        51101696,
        51101696,
        51101696,
        51101696,
        51101696,
        51101696,
        51101696
      ],
      "exit_codes": [
        1,
        1,
        1,
        1,
        1,
        1,
        1,
        1,
        1,
        1
      ]
    },
    {
      "command": "panache",
      "mean": 0.5447175305,
      "stddev": 0.01437959518481258,
      "median": 0.55251932,
      "user": 1.6076729999999997,
      "system": 0.05433049999999999,
      "min": 0.523015345,
      "max": 0.556134623,
      "times": [
        0.523116453,
        0.5539850150000001,
        0.523015345,
        0.5519269,
        0.52581857,
        0.5526458120000001,
        0.552392828,
        0.5548701060000001,
        0.5532696530000001,
        0.556134623
      ],
      "memory_usage_byte": [
        51101696,
        51101696,
        51101696,
        51101696,
        51101696,
        51101696,
        51101696,
        51101696,
        51101696,
        51101696
      ],
      "exit_codes": [
        0,
        0,
        0,
        0,
        0,
        0,
        0,
        0,
        0,
        0
      ]
    },
    {
      "command": "mdsmith-parity",
      "mean": 0.19585603240000002,
      "stddev": 0.002781523873648691,
      "median": 0.19519138600000002,
      "user": 0.5337273,
      "system": 0.04438360000000001,
      "min": 0.192621289,
      "max": 0.200634483,
      "times": [
        0.19589262300000002,
        0.193580265,
        0.194139107,
        0.194490149,
        0.19691819600000002,
        0.200634483,
        0.192621289,
        0.19355285400000002,
        0.196453701,
        0.20027765700000003
      ],
      "memory_usage_byte": [
        51101696,
        51101696,
        51101696,
        51101696,
        51101696,
        51101696,
        51101696,
        51101696,
        51101696,
        51101696
      ],
      "exit_codes": [
        1,
        1,
        1,
        1,
        1,
        1,
        1,
        1,
        1,
        1
      ]
    },
    {
      "command": "mdsmith",
      "mean": 0.3498603747,
      "stddev": 0.011591087861606703,
      "median": 0.3466387885,
      "user": 1.0062896000000001,
      "system": 0.0759676,
      "min": 0.34326818400000003,
      "max": 0.381989152,
      "times": [
        0.34340347600000004,
        0.351965766,
        0.346893224,
        0.381989152,
        0.34326818400000003,
        0.343535914,
        0.34638435300000003,
        0.348131901,
        0.34577560900000004,
        0.34725616800000003
      ],
      "memory_usage_byte": [
        54734848,
        54734848,
        54734848,
        54882304,
        54882304,
        54882304,
        54882304,
        54882304,
        57016320,
        57016320
      ],
      "exit_codes": [
        1,
        1,
        1,
        1,
        1,
        1,
        1,
        1,
        1,
        1
      ]
    }
  ]
}
