{
  "results": [
    {
      "command": "mado",
      "mean": 0.0477291318,
      "stddev": 0.002790806619899934,
      "median": 0.046270061,
      "user": 0.075983,
      "system": 0.0087726,
      "min": 0.045649715,
      "max": 0.052722051000000006,
      "times": [
        0.045695261,
        0.051480861,
        0.046242663,
        0.046098704000000004,
        0.052722051000000006,
        0.046320729000000005,
        0.045649715,
        0.045856952,
        0.046297459000000006,
        0.050926923000000006
      ],
      "memory_usage_byte": [
        29577216,
        29577216,
        29577216,
        29667328,
        29667328,
        29667328,
        29667328,
        29667328,
        31375360,
        31375360
      ],
      "exit_codes": [
        1,
        1,
        1,
        1,
        1,
        1,
        1,
        1,
        1,
        1
      ]
    },
    {
      "command": "rumdl",
      "mean": 0.19629089500000002,
      "stddev": 0.0020542812271005604,
      "median": 0.19583617350000002,
      "user": 0.6494062999999999,
      "system": 0.036086,
      "min": 0.19311274,
      "max": 0.19978336800000002,
      "times": [
        0.199525306,
        0.197279271,
        0.19978336800000002,
        0.195127391,
        0.19311274,
        0.195045247,
        0.19575431100000001,
        0.195972839,
        0.19539044100000003,
        0.19591803600000002
      ],
      "memory_usage_byte": [
        48738304,
        48738304,
        48738304,
        49078272,
        50012160,
        50012160,
        50323456,
        50323456,
        50323456,
        52772864
      ],
      "exit_codes": [
        1,
        1,
        1,
        1,
        1,
        1,
        1,
        1,
        1,
        1
      ]
    },
    {
      "command": "panache",
      "mean": 0.5403675326000001,
      "stddev": 0.01759519679828999,
      "median": 0.5394605945000001,
      "user": 1.6264876000000001,
      "system": 0.051834000000000005,
      "min": 0.522334678,
      "max": 0.5626649690000001,
      "times": [
        0.5259258680000001,
        0.5626649690000001,
        0.556652008,
        0.522334678,
        0.5243393740000001,
        0.55427417,
        0.5577543930000001,
        0.5236272240000001,
        0.523107321,
        0.552995321
      ],
      "memory_usage_byte": [
        52772864,
        52772864,
        52772864,
        52772864,
        52772864,
        52772864,
        52772864,
        52772864,
        52772864,
        52772864
      ],
      "exit_codes": [
        0,
        0,
        0,
        0,
        0,
        0,
        0,
        0,
        0,
        0
      ]
    },
    {
      "command": "mdsmith-parity",
      "mean": 0.1804708716,
      "stddev": 0.002146695244448921,
      "median": 0.1807319155,
      "user": 0.47962819999999995,
      "system": 0.040360099999999996,
      "min": 0.176743855,
      "max": 0.18502638300000002,
      "times": [
        0.180855347,
        0.18126735700000002,
        0.17879414600000001,
        0.18502638300000002,
        0.176743855,
        0.180431483,
        0.181186233,
        0.180909766,
        0.178885662,
        0.180608484
      ],
      "memory_usage_byte": [
        52772864,
        52772864,
        52772864,
        52772864,
        52772864,
        52772864,
        52772864,
        52772864,
        52772864,
        52772864
      ],
      "exit_codes": [
        1,
        1,
        1,
        1,
        1,
        1,
        1,
        1,
        1,
        1
      ]
    },
    {
      "command": "mdsmith",
      "mean": 0.3375981377,
      "stddev": 0.0023783040066626846,
      "median": 0.337612336,
      "user": 0.9651431,
      "system": 0.0789399,
      "min": 0.334093996,
      "max": 0.341998207,
      "times": [
        0.338701073,
        0.335494187,
        0.337735438,
        0.33553902500000005,
        0.33607395500000004,
        0.334093996,
        0.339020249,
        0.341998207,
        0.337489234,
        0.33983601300000005
      ],
      "memory_usage_byte": [
        54349824,
        54349824,
        54349824,
        54411264,
        54411264,
        54411264,
        54411264,
        54411264,
        54411264,
        54411264
      ],
      "exit_codes": [
        1,
        1,
        1,
        1,
        1,
        1,
        1,
        1,
        1,
        1
      ]
    }
  ]
}
