{
  "results": [
    {
      "command": "markdownlint-cli2",
      "mean": 3.0315446451666666,
      "stddev": 0.08020904516467067,
      "median": 3.04304067,
      "user": 4.589529166666666,
      "system": 0.30320716666666664,
      "min": 2.934154373,
      "max": 3.117247757,
      "times": [
        3.117247757,
        3.083920978,
        3.102269388,
        3.002160362,
        2.949515013,
        2.934154373
      ],
      "memory_usage_byte": [
        394752000,
        394752000,
        394752000,
        394752000,
        394752000,
        394752000
      ],
      "exit_codes": [
        1,
        1,
        1,
        1,
        1,
        1
      ]
    }
  ]
}
