{
  "results": [
    {
      "command": "mado",
      "mean": 0.046737494000000004,
      "stddev": 0.0031988701298216746,
      "median": 0.0457194385,
      "user": 0.0731272,
      "system": 0.0094663,
      "min": 0.045350942000000005,
      "max": 0.05579776400000001,
      "times": [
        0.045768401,
        0.045350942000000005,
        0.045670476,
        0.046215333000000004,
        0.05579776400000001,
        0.045509036,
        0.045542346000000004,
        0.046290335,
        0.045811184000000005,
        0.045419123000000006
      ],
      "memory_usage_byte": [
        31383552,
        31383552,
        31383552,
        31383552,
        31383552,
        31383552,
        31383552,
        31383552,
        31383552,
        31383552
      ],
      "exit_codes": [
        1,
        1,
        1,
        1,
        1,
        1,
        1,
        1,
        1,
        1
      ]
    },
    {
      "command": "rumdl",
      "mean": 0.18975491770000003,
      "stddev": 0.0027044590886022997,
      "median": 0.18899500900000002,
      "user": 0.617904,
      "system": 0.03899489999999999,
      "min": 0.186997231,
      "max": 0.19545531300000002,
      "times": [
        0.19013333200000002,
        0.186997231,
        0.18840120300000002,
        0.187732471,
        0.18958881500000002,
        0.18764619400000002,
        0.187627376,
        0.19545531300000002,
        0.19138090200000002,
        0.19258634000000002
      ],
      "memory_usage_byte": [
        51281920,
        51281920,
        51281920,
        51281920,
        51281920,
        52830208,
        52830208,
        52830208,
        52830208,
        52830208
      ],
      "exit_codes": [
        1,
        1,
        1,
        1,
        1,
        1,
        1,
        1,
        1,
        1
      ]
    },
    {
      "command": "panache",
      "mean": 0.555194879,
      "stddev": 0.015859363982873246,
      "median": 0.5489056955,
      "user": 1.5637628,
      "system": 0.06349880000000001,
      "min": 0.5453924720000001,
      "max": 0.5932508910000001,
      "times": [
        0.548604985,
        0.5453924720000001,
        0.545880712,
        0.551329325,
        0.5520937890000001,
        0.5465269930000001,
        0.5455033960000001,
        0.5741598210000001,
        0.5932508910000001,
        0.549206406
      ],
      "memory_usage_byte": [
        52830208,
        52830208,
        52830208,
        52830208,
        52830208,
        52830208,
        52830208,
        52830208,
        52830208,
        52830208
      ],
      "exit_codes": [
        0,
        0,
        0,
        0,
        0,
        0,
        0,
        0,
        0,
        0
      ]
    },
    {
      "command": "mdsmith-parity",
      "mean": 0.197255119,
      "stddev": 0.0018833491211983073,
      "median": 0.19741996850000001,
      "user": 0.5050524999999999,
      "system": 0.052252299999999995,
      "min": 0.19389725000000002,
      "max": 0.200363328,
      "times": [
        0.19740664400000002,
        0.19546770800000002,
        0.19618816700000002,
        0.19762299500000002,
        0.200363328,
        0.197433293,
        0.197720279,
        0.196748798,
        0.19970272800000002,
        0.19389725000000002
      ],
      "memory_usage_byte": [
        52830208,
        52830208,
        52830208,
        52830208,
        52830208,
        52830208,
        52830208,
        52830208,
        52830208,
        52830208
      ],
      "exit_codes": [
        1,
        1,
        1,
        1,
        1,
        1,
        1,
        1,
        1,
        1
      ]
    },
    {
      "command": "mdsmith",
      "mean": 0.35157482070000007,
      "stddev": 0.0032643406268378,
      "median": 0.351731786,
      "user": 0.9687747999999999,
      "system": 0.10133790000000001,
      "min": 0.346133416,
      "max": 0.35744081800000005,
      "times": [
        0.346133416,
        0.352106456,
        0.34874422000000005,
        0.35744081800000005,
        0.350306877,
        0.354426177,
        0.35417973,
        0.35196741000000004,
        0.348946941,
        0.351496162
      ],
      "memory_usage_byte": [
        54280192,
        54280192,
        54280192,
        54280192,
        54378496,
        54378496,
        54378496,
        54378496,
        54403072,
        54403072
      ],
      "exit_codes": [
        1,
        1,
        1,
        1,
        1,
        1,
        1,
        1,
        1,
        1
      ]
    }
  ]
}
