{
  "results": [
    {
      "command": "markdownlint-cli2",
      "mean": 3.106875259,
      "stddev": 0.14585737628761472,
      "median": 3.032873526,
      "user": 4.6511165,
      "system": 0.31476599999999993,
      "min": 2.9927324950000003,
      "max": 3.311090184,
      "times": [
        3.025998726,
        2.9963516500000003,
        2.9927324950000003,
        3.039748326,
        3.275330173,
        3.311090184
      ],
      "memory_usage_byte": [
        387817472,
        387817472,
        387817472,
        387817472,
        387817472,
        387817472
      ],
      "exit_codes": [
        1,
        1,
        1,
        1,
        1,
        1
      ]
    }
  ]
}
