{
  "results": [
    {
      "command": "markdownlint-cli2",
      "mean": 3.4135978918333336,
      "stddev": 0.05311591241971361,
      "median": 3.404649306,
      "user": 5.2092936666666665,
      "system": 0.37618900000000005,
      "min": 3.3497822360000002,
      "max": 3.494970232,
      "times": [
        3.494970232,
        3.3497822360000002,
        3.396937683,
        3.453350041,
        3.37418623,
        3.412360929
      ],
      "memory_usage_byte": [
        387928064,
        387928064,
        387928064,
        397815808,
        397815808,
        397815808
      ],
      "exit_codes": [
        1,
        1,
        1,
        1,
        1,
        1
      ]
    }
  ]
}
