{
  "results": [
    {
      "command": "mado",
      "mean": 0.0462576695,
      "stddev": 0.003896680840836674,
      "median": 0.044532396,
      "user": 0.0704109,
      "system": 0.0148945,
      "min": 0.043762114000000005,
      "max": 0.056443498,
      "times": [
        0.056443498,
        0.048127182000000004,
        0.044749562,
        0.044296973,
        0.044521254,
        0.044505992,
        0.043857825,
        0.044543538,
        0.043762114000000005,
        0.047768757
      ],
      "memory_usage_byte": [
        28950528,
        29052928,
        29052928,
        29052928,
        29052928,
        29052928,
        29052928,
        29290496,
        29290496,
        29290496
      ],
      "exit_codes": [
        1,
        1,
        1,
        1,
        1,
        1,
        1,
        1,
        1,
        1
      ]
    },
    {
      "command": "rumdl",
      "mean": 0.22706820750000004,
      "stddev": 0.019825182792381928,
      "median": 0.21952630850000002,
      "user": 0.6313104999999999,
      "system": 0.0593156,
      "min": 0.21250433000000002,
      "max": 0.278605847,
      "times": [
        0.21250433000000002,
        0.219053665,
        0.217435435,
        0.21999895200000003,
        0.213443016,
        0.278605847,
        0.238896456,
        0.23044181000000002,
        0.21631160400000002,
        0.22399096000000002
      ],
      "memory_usage_byte": [
        51716096,
        51716096,
        51716096,
        51716096,
        51716096,
        51716096,
        51716096,
        51716096,
        51716096,
        51716096
      ],
      "exit_codes": [
        1,
        1,
        1,
        1,
        1,
        1,
        1,
        1,
        1,
        1
      ]
    },
    {
      "command": "panache",
      "mean": 0.39461493470000003,
      "stddev": 0.0006704194388328014,
      "median": 0.39445593050000005,
      "user": 1.4175226,
      "system": 0.10623659999999999,
      "min": 0.39377161600000005,
      "max": 0.395898385,
      "times": [
        0.394435707,
        0.395404678,
        0.39377161600000005,
        0.39447826,
        0.39393451700000004,
        0.39517450800000004,
        0.39425037100000004,
        0.394476154,
        0.39432515100000004,
        0.395898385
      ],
      "memory_usage_byte": [
        51716096,
        51716096,
        51716096,
        51716096,
        51716096,
        51716096,
        51716096,
        51716096,
        51716096,
        51716096
      ],
      "exit_codes": [
        0,
        0,
        0,
        0,
        0,
        0,
        0,
        0,
        0,
        0
      ]
    },
    {
      "command": "mdsmith-parity",
      "mean": 0.10937858810000003,
      "stddev": 0.0037221502507088686,
      "median": 0.108202317,
      "user": 0.3027758,
      "system": 0.049029699999999996,
      "min": 0.106375098,
      "max": 0.119433729,
      "times": [
        0.10984695700000001,
        0.107667618,
        0.107812001,
        0.10940537500000001,
        0.106375098,
        0.119433729,
        0.10984497400000001,
        0.107816808,
        0.10699549500000001,
        0.10858782600000001
      ],
      "memory_usage_byte": [
        51716096,
        51716096,
        51716096,
        51716096,
        51716096,
        51716096,
        51716096,
        51716096,
        51716096,
        51716096
      ],
      "exit_codes": [
        1,
        1,
        1,
        1,
        1,
        1,
        1,
        1,
        1,
        1
      ]
    },
    {
      "command": "mdsmith",
      "mean": 0.4968501987000001,
      "stddev": 0.006283440047302745,
      "median": 0.49738246100000005,
      "user": 1.1181838000000002,
      "system": 0.527763,
      "min": 0.48476319700000003,
      "max": 0.5083916580000001,
      "times": [
        0.5003040440000001,
        0.48476319700000003,
        0.498477904,
        0.494498266,
        0.49101327000000006,
        0.496287018,
        0.49863701400000005,
        0.49529051100000004,
        0.5083916580000001,
        0.5008391050000001
      ],
      "memory_usage_byte": [
        51716096,
        51716096,
        51716096,
        51716096,
        51716096,
        51716096,
        51716096,
        51716096,
        51716096,
        51716096
      ],
      "exit_codes": [
        1,
        1,
        1,
        1,
        1,
        1,
        1,
        1,
        1,
        1
      ]
    }
  ]
}
