{
  "results": [
    {
      "command": "mado",
      "mean": 0.0469754968,
      "stddev": 0.003171334072783664,
      "median": 0.045051961,
      "user": 0.0712201,
      "system": 0.016590799999999996,
      "min": 0.044646097,
      "max": 0.053103043,
      "times": [
        0.044789004,
        0.053103043,
        0.044891636000000006,
        0.046357917000000005,
        0.05084153600000001,
        0.045053499000000004,
        0.045050423000000006,
        0.044646097,
        0.050260371000000005,
        0.044761442000000005
      ],
      "memory_usage_byte": [
        29270016,
        29270016,
        29270016,
        29270016,
        29270016,
        31268864,
        31268864,
        31268864,
        31268864,
        31268864
      ],
      "exit_codes": [
        1,
        1,
        1,
        1,
        1,
        1,
        1,
        1,
        1,
        1
      ]
    },
    {
      "command": "rumdl",
      "mean": 0.2191404057,
      "stddev": 0.003830703340866326,
      "median": 0.21794003100000003,
      "user": 0.6627286,
      "system": 0.054915199999999983,
      "min": 0.215683168,
      "max": 0.227486559,
      "times": [
        0.21595946400000002,
        0.22012266600000002,
        0.215683168,
        0.221870953,
        0.216114564,
        0.222290818,
        0.227486559,
        0.21599580300000001,
        0.21775622300000003,
        0.218123839
      ],
      "memory_usage_byte": [
        51625984,
        51625984,
        51625984,
        52891648,
        52891648,
        52891648,
        52891648,
        52891648,
        52891648,
        52891648
      ],
      "exit_codes": [
        1,
        1,
        1,
        1,
        1,
        1,
        1,
        1,
        1,
        1
      ]
    },
    {
      "command": "panache",
      "mean": 0.42024811790000005,
      "stddev": 0.031727328730891104,
      "median": 0.40722530850000005,
      "user": 1.4677387999999998,
      "system": 0.10417560000000001,
      "min": 0.40458663300000003,
      "max": 0.508255694,
      "times": [
        0.40458663300000003,
        0.407496071,
        0.406659056,
        0.40856764300000004,
        0.420780439,
        0.508255694,
        0.426052023,
        0.40680498600000004,
        0.40695454600000003,
        0.406324088
      ],
      "memory_usage_byte": [
        52891648,
        52891648,
        52891648,
        52891648,
        52891648,
        52891648,
        52891648,
        52891648,
        52891648,
        52891648
      ],
      "exit_codes": [
        0,
        0,
        0,
        0,
        0,
        0,
        0,
        0,
        0,
        0
      ]
    },
    {
      "command": "mdsmith-parity",
      "mean": 0.11208996800000001,
      "stddev": 0.001587195974008461,
      "median": 0.1119847135,
      "user": 0.3279178,
      "system": 0.038653799999999995,
      "min": 0.11001279300000001,
      "max": 0.11520902400000001,
      "times": [
        0.11208227000000001,
        0.11204639400000001,
        0.11520902400000001,
        0.111923033,
        0.110145111,
        0.11181503100000001,
        0.11321139000000001,
        0.11001279300000001,
        0.110914619,
        0.11354001500000001
      ],
      "memory_usage_byte": [
        52891648,
        52891648,
        52891648,
        52891648,
        52891648,
        52891648,
        52891648,
        52891648,
        52891648,
        52891648
      ],
      "exit_codes": [
        1,
        1,
        1,
        1,
        1,
        1,
        1,
        1,
        1,
        1
      ]
    },
    {
      "command": "mdsmith",
      "mean": 0.5101629531,
      "stddev": 0.01144710922199255,
      "median": 0.507598848,
      "user": 1.1919876999999999,
      "system": 0.4928052,
      "min": 0.501425448,
      "max": 0.541194454,
      "times": [
        0.510193051,
        0.506409089,
        0.5105142610000001,
        0.508765162,
        0.506432534,
        0.541194454,
        0.511133676,
        0.502702874,
        0.502858982,
        0.501425448
      ],
      "memory_usage_byte": [
        52891648,
        52891648,
        52891648,
        52891648,
        52891648,
        52891648,
        52891648,
        52891648,
        52891648,
        52891648
      ],
      "exit_codes": [
        1,
        1,
        1,
        1,
        1,
        1,
        1,
        1,
        1,
        1
      ]
    }
  ]
}
