{
  "results": [
    {
      "command": "markdownlint-cli2",
      "mean": 3.068101410666666,
      "stddev": 0.0500874673364112,
      "median": 3.0564190915,
      "user": 4.567771,
      "system": 0.25764216666666667,
      "min": 3.018041983,
      "max": 3.153527736,
      "times": [
        3.018041983,
        3.07149861,
        3.153527736,
        3.093248351,
        3.030952211,
        3.041339573
      ],
      "memory_usage_byte": [
        381190144,
        383983616,
        386760704,
        386760704,
        386760704,
        386760704
      ],
      "exit_codes": [
        1,
        1,
        1,
        1,
        1,
        1
      ]
    }
  ]
}
