{
  "results": [
    {
      "command": "markdownlint-cli2",
      "mean": 3.064359127,
      "stddev": 0.08677944041346465,
      "median": 3.0453732230000004,
      "user": 4.637607833333333,
      "system": 0.23913033333333333,
      "min": 2.9892079430000003,
      "max": 3.23446231,
      "times": [
        2.9892079430000003,
        3.045869736,
        3.016819493,
        3.04487671,
        3.23446231,
        3.05491857
      ],
      "memory_usage_byte": [
        391397376,
        391397376,
        391397376,
        391397376,
        391397376,
        391397376
      ],
      "exit_codes": [
        1,
        1,
        1,
        1,
        1,
        1
      ]
    }
  ]
}
