{
  "results": [
    {
      "command": "mado",
      "mean": 0.046480701,
      "stddev": 0.0017500415369167042,
      "median": 0.045881842000000006,
      "user": 0.073246,
      "system": 0.0090457,
      "min": 0.045410939000000004,
      "max": 0.051306593000000005,
      "times": [
        0.04550768,
        0.04582958,
        0.046682199,
        0.045934104,
        0.045577591,
        0.051306593000000005,
        0.045410939000000004,
        0.045776541000000004,
        0.046605956000000004,
        0.046175827
      ],
      "memory_usage_byte": [
        31043584,
        31043584,
        31043584,
        31043584,
        31043584,
        31043584,
        31043584,
        31043584,
        33488896,
        33488896
      ],
      "exit_codes": [
        1,
        1,
        1,
        1,
        1,
        1,
        1,
        1,
        1,
        1
      ]
    },
    {
      "command": "rumdl",
      "mean": 0.19713402270000002,
      "stddev": 0.0025353907868134367,
      "median": 0.1972958225,
      "user": 0.6483875,
      "system": 0.036283699999999995,
      "min": 0.193296507,
      "max": 0.20111758600000001,
      "times": [
        0.19880414700000001,
        0.193296507,
        0.196971854,
        0.197743211,
        0.19402275900000002,
        0.19662136100000002,
        0.19761979100000002,
        0.20017057200000002,
        0.20111758600000001,
        0.19497243900000003
      ],
      "memory_usage_byte": [
        49643520,
        49643520,
        49643520,
        49643520,
        50634752,
        50634752,
        50634752,
        52039680,
        52039680,
        52039680
      ],
      "exit_codes": [
        1,
        1,
        1,
        1,
        1,
        1,
        1,
        1,
        1,
        1
      ]
    },
    {
      "command": "panache",
      "mean": 0.5564677531,
      "stddev": 0.017876180980585788,
      "median": 0.5540578935,
      "user": 1.6071060000000004,
      "system": 0.052900499999999996,
      "min": 0.522858065,
      "max": 0.5967169800000001,
      "times": [
        0.522858065,
        0.55238115,
        0.5559364130000001,
        0.5533376120000001,
        0.554565447,
        0.55355034,
        0.5601986560000001,
        0.551601332,
        0.563531536,
        0.5967169800000001
      ],
      "memory_usage_byte": [
        52039680,
        52039680,
        52039680,
        52039680,
        52039680,
        52039680,
        52039680,
        52039680,
        52039680,
        52039680
      ],
      "exit_codes": [
        0,
        0,
        0,
        0,
        0,
        0,
        0,
        0,
        0,
        0
      ]
    },
    {
      "command": "mdsmith-parity",
      "mean": 0.18094637400000002,
      "stddev": 0.002102308332932374,
      "median": 0.1808059485,
      "user": 0.47862759999999993,
      "system": 0.0425925,
      "min": 0.178101736,
      "max": 0.18526208500000002,
      "times": [
        0.18526208500000002,
        0.179589028,
        0.17986126400000002,
        0.18120273,
        0.18083802300000001,
        0.180773874,
        0.178799956,
        0.182958423,
        0.178101736,
        0.18207662100000002
      ],
      "memory_usage_byte": [
        52039680,
        52039680,
        52039680,
        52039680,
        52039680,
        52039680,
        52039680,
        52039680,
        52039680,
        52039680
      ],
      "exit_codes": [
        1,
        1,
        1,
        1,
        1,
        1,
        1,
        1,
        1,
        1
      ]
    },
    {
      "command": "mdsmith",
      "mean": 0.33495581220000004,
      "stddev": 0.0027175270974364747,
      "median": 0.33583776600000004,
      "user": 0.9593012999999999,
      "system": 0.07147640000000001,
      "min": 0.330096113,
      "max": 0.33771896900000004,
      "times": [
        0.330096113,
        0.33586492,
        0.33430744,
        0.337176333,
        0.336957341,
        0.330845547,
        0.335810612,
        0.33771896900000004,
        0.33351606500000003,
        0.33726478200000004
      ],
      "memory_usage_byte": [
        54300672,
        54300672,
        54300672,
        54300672,
        54300672,
        54620160,
        54620160,
        54620160,
        54620160,
        54620160
      ],
      "exit_codes": [
        1,
        1,
        1,
        1,
        1,
        1,
        1,
        1,
        1,
        1
      ]
    }
  ]
}
