{
  "results": [
    {
      "command": "markdownlint-cli2",
      "mean": 3.2530346805000003,
      "stddev": 0.028152181588100154,
      "median": 3.2539311285,
      "user": 4.995487333333333,
      "system": 0.2939321666666666,
      "min": 3.208269635,
      "max": 3.293961876,
      "times": [
        3.260357812,
        3.263993941,
        3.293961876,
        3.247504445,
        3.244120374,
        3.208269635
      ],
      "memory_usage_byte": [
        387723264,
        387723264,
        387723264,
        387723264,
        387723264,
        387723264
      ],
      "exit_codes": [
        1,
        1,
        1,
        1,
        1,
        1
      ]
    }
  ]
}
