{
  "results": [
    {
      "command": "markdownlint-cli2",
      "mean": 3.0976752563333334,
      "stddev": 0.07590357635555373,
      "median": 3.0685714945,
      "user": 4.6633811666666665,
      "system": 0.31194916666666667,
      "min": 3.01729073,
      "max": 3.193003593,
      "times": [
        3.046621379,
        3.06303812,
        3.074104869,
        3.191992847,
        3.01729073,
        3.193003593
      ],
      "memory_usage_byte": [
        391770112,
        391770112,
        391770112,
        391770112,
        391770112,
        391770112
      ],
      "exit_codes": [
        1,
        1,
        1,
        1,
        1,
        1
      ]
    }
  ]
}
