{
  "results": [
    {
      "command": "markdownlint-cli2",
      "mean": 3.3561906315,
      "stddev": 0.06726897725636602,
      "median": 3.3350788600000003,
      "user": 5.2174854999999996,
      "system": 0.29696449999999996,
      "min": 3.2913617090000002,
      "max": 3.452489479,
      "times": [
        3.353859577,
        3.2913617090000002,
        3.452489479,
        3.422782858,
        3.300352023,
        3.316298143
      ],
      "memory_usage_byte": [
        370548736,
        370548736,
        376598528,
        393584640,
        393584640,
        393584640
      ],
      "exit_codes": [
        1,
        1,
        1,
        1,
        1,
        1
      ]
    }
  ]
}
