{
  "results": [
    {
      "command": "markdownlint-cli2",
      "mean": 3.352620766333333,
      "stddev": 0.12704723963417464,
      "median": 3.3259170559999998,
      "user": 5.134256499999999,
      "system": 0.30977949999999993,
      "min": 3.240414907,
      "max": 3.549529983,
      "times": [
        3.431544883,
        3.549529983,
        3.394974852,
        3.242400713,
        3.25685926,
        3.240414907
      ],
      "memory_usage_byte": [
        347193344,
        378187776,
        378187776,
        378187776,
        378187776,
        382238720
      ],
      "exit_codes": [
        1,
        1,
        1,
        1,
        1,
        1
      ]
    }
  ]
}
