{
  "results": [
    {
      "command": "mado",
      "mean": 0.04784853730000001,
      "stddev": 0.0028264290776374066,
      "median": 0.0466547715,
      "user": 0.07253949999999999,
      "system": 0.0173017,
      "min": 0.04549276,
      "max": 0.053369412000000005,
      "times": [
        0.045982429000000005,
        0.053369412000000005,
        0.045582017,
        0.04549276,
        0.046604643,
        0.047211784,
        0.0467049,
        0.050583523000000005,
        0.045673517000000004,
        0.051280388
      ],
      "memory_usage_byte": [
        31010816,
        31010816,
        31010816,
        31358976,
        31358976,
        31358976,
        31358976,
        31358976,
        31358976,
        31358976
      ],
      "exit_codes": [
        1,
        1,
        1,
        1,
        1,
        1,
        1,
        1,
        1,
        1
      ]
    },
    {
      "command": "rumdl",
      "mean": 0.2377810696,
      "stddev": 0.020711589331441838,
      "median": 0.22824709200000004,
      "user": 0.6907949,
      "system": 0.0530775,
      "min": 0.22177680100000002,
      "max": 0.289779885,
      "times": [
        0.250203793,
        0.224771453,
        0.22732220500000003,
        0.22917197900000003,
        0.226964992,
        0.222834463,
        0.24459643900000003,
        0.289779885,
        0.24038868600000002,
        0.22177680100000002
      ],
      "memory_usage_byte": [
        51462144,
        51462144,
        51462144,
        51462144,
        51462144,
        51462144,
        51462144,
        54030336,
        54030336,
        54030336
      ],
      "exit_codes": [
        1,
        1,
        1,
        1,
        1,
        1,
        1,
        1,
        1,
        1
      ]
    },
    {
      "command": "panache",
      "mean": 0.4299541023000001,
      "stddev": 0.006862013987980633,
      "median": 0.429598715,
      "user": 1.5300578,
      "system": 0.1107094,
      "min": 0.42300027700000004,
      "max": 0.44549496000000005,
      "times": [
        0.423889785,
        0.43420127700000005,
        0.43428572400000004,
        0.42300027700000004,
        0.429951474,
        0.425015905,
        0.43043574700000004,
        0.42401991800000005,
        0.44549496000000005,
        0.42924595600000004
      ],
      "memory_usage_byte": [
        54030336,
        54030336,
        54030336,
        54030336,
        54030336,
        54030336,
        54030336,
        54030336,
        54030336,
        54030336
      ],
      "exit_codes": [
        0,
        0,
        0,
        0,
        0,
        0,
        0,
        0,
        0,
        0
      ]
    },
    {
      "command": "mdsmith-parity",
      "mean": 0.13408452760000003,
      "stddev": 0.0024524727139239692,
      "median": 0.1342444865,
      "user": 0.4083101,
      "system": 0.0440754,
      "min": 0.12908287400000001,
      "max": 0.138633619,
      "times": [
        0.13347669,
        0.13189848,
        0.138633619,
        0.134398228,
        0.12908287400000001,
        0.135268469,
        0.134090745,
        0.134087032,
        0.134595095,
        0.13531404400000002
      ],
      "memory_usage_byte": [
        54030336,
        54030336,
        54030336,
        54030336,
        54030336,
        54030336,
        54030336,
        54030336,
        54030336,
        54030336
      ],
      "exit_codes": [
        1,
        1,
        1,
        1,
        1,
        1,
        1,
        1,
        1,
        1
      ]
    },
    {
      "command": "mdsmith",
      "mean": 0.4551917153000001,
      "stddev": 0.013387534572785648,
      "median": 0.45223072100000006,
      "user": 1.0761084,
      "system": 0.48365139999999995,
      "min": 0.43661068300000005,
      "max": 0.47278430800000004,
      "times": [
        0.469502619,
        0.44168439600000003,
        0.47143486700000004,
        0.43661068300000005,
        0.46426604000000005,
        0.44511137100000003,
        0.47278430800000004,
        0.455572666,
        0.446061427,
        0.44888877600000004
      ],
      "memory_usage_byte": [
        54030336,
        54030336,
        54030336,
        54030336,
        54030336,
        54030336,
        54030336,
        54030336,
        54030336,
        54030336
      ],
      "exit_codes": [
        1,
        1,
        1,
        1,
        1,
        1,
        1,
        1,
        1,
        1
      ]
    }
  ]
}
