{
  "results": [
    {
      "command": "mado",
      "mean": 0.0463718046,
      "stddev": 0.00026496334284752213,
      "median": 0.046342602000000004,
      "user": 0.0729789,
      "system": 0.008771999999999999,
      "min": 0.045891793,
      "max": 0.046819497,
      "times": [
        0.04635224,
        0.046515873000000006,
        0.045891793,
        0.046285275,
        0.046332964000000004,
        0.046819497,
        0.046630657000000006,
        0.046227227,
        0.046131659000000005,
        0.046530861
      ],
      "memory_usage_byte": [
        29544448,
        29544448,
        29544448,
        29544448,
        29544448,
        31494144,
        31494144,
        31494144,
        31494144,
        31494144
      ],
      "exit_codes": [
        1,
        1,
        1,
        1,
        1,
        1,
        1,
        1,
        1,
        1
      ]
    },
    {
      "command": "rumdl",
      "mean": 0.200245602,
      "stddev": 0.0016595758605793085,
      "median": 0.2002931235,
      "user": 0.6585654,
      "system": 0.0368854,
      "min": 0.19788808300000002,
      "max": 0.20371153700000003,
      "times": [
        0.200412205,
        0.200694339,
        0.19805576500000002,
        0.200690312,
        0.19788808300000002,
        0.199774199,
        0.201424506,
        0.20017404200000002,
        0.20371153700000003,
        0.199631032
      ],
      "memory_usage_byte": [
        52097024,
        52097024,
        52097024,
        52097024,
        52097024,
        52097024,
        52097024,
        52097024,
        52097024,
        52097024
      ],
      "exit_codes": [
        1,
        1,
        1,
        1,
        1,
        1,
        1,
        1,
        1,
        1
      ]
    },
    {
      "command": "panache",
      "mean": 0.5494906729,
      "stddev": 0.016089707658813502,
      "median": 0.5576767625000001,
      "user": 1.622026,
      "system": 0.05252049999999999,
      "min": 0.524778831,
      "max": 0.5670988250000001,
      "times": [
        0.5670988250000001,
        0.525529266,
        0.55980803,
        0.5579893880000001,
        0.559821384,
        0.529790659,
        0.524778831,
        0.554736821,
        0.557695613,
        0.557657912
      ],
      "memory_usage_byte": [
        52097024,
        52097024,
        52097024,
        52097024,
        52097024,
        52097024,
        52097024,
        52097024,
        52097024,
        52097024
      ],
      "exit_codes": [
        0,
        0,
        0,
        0,
        0,
        0,
        0,
        0,
        0,
        0
      ]
    },
    {
      "command": "mdsmith-parity",
      "mean": 0.1964386662,
      "stddev": 0.0033626805393122735,
      "median": 0.195721215,
      "user": 0.5340056000000001,
      "system": 0.043429800000000005,
      "min": 0.19117667000000002,
      "max": 0.200922082,
      "times": [
        0.200922082,
        0.194015719,
        0.19364630300000002,
        0.199867028,
        0.19441577300000001,
        0.194369063,
        0.200314393,
        0.19117667000000002,
        0.19702665700000002,
        0.19863297400000002
      ],
      "memory_usage_byte": [
        52097024,
        52097024,
        52097024,
        52097024,
        52097024,
        52097024,
        52097024,
        52097024,
        52097024,
        52097024
      ],
      "exit_codes": [
        1,
        1,
        1,
        1,
        1,
        1,
        1,
        1,
        1,
        1
      ]
    },
    {
      "command": "mdsmith",
      "mean": 0.35408698400000005,
      "stddev": 0.0028406281986661937,
      "median": 0.3542819425,
      "user": 1.0183836,
      "system": 0.08326179999999998,
      "min": 0.34936629900000005,
      "max": 0.35735632500000003,
      "times": [
        0.35371395,
        0.35735632500000003,
        0.34954501200000004,
        0.354849935,
        0.353628867,
        0.35642136300000005,
        0.356182743,
        0.34936629900000005,
        0.353043076,
        0.35676227000000005
      ],
      "memory_usage_byte": [
        53755904,
        54067200,
        54165504,
        54382592,
        54382592,
        54382592,
        54382592,
        54382592,
        54382592,
        54382592
      ],
      "exit_codes": [
        1,
        1,
        1,
        1,
        1,
        1,
        1,
        1,
        1,
        1
      ]
    }
  ]
}
