{
  "results": [
    {
      "command": "mado",
      "mean": 0.046156356200000005,
      "stddev": 0.0017147888443342786,
      "median": 0.04574980000000001,
      "user": 0.07283039999999999,
      "system": 0.0086768,
      "min": 0.045227439,
      "max": 0.050978720000000005,
      "times": [
        0.045737762,
        0.045553470000000006,
        0.045868175000000004,
        0.045227439,
        0.04580381,
        0.045276091000000004,
        0.045761838000000006,
        0.045352182000000005,
        0.046004075000000005,
        0.050978720000000005
      ],
      "memory_usage_byte": [
        33615872,
        33615872,
        33615872,
        33615872,
        33615872,
        33615872,
        33615872,
        33615872,
        33615872,
        33615872
      ],
      "exit_codes": [
        1,
        1,
        1,
        1,
        1,
        1,
        1,
        1,
        1,
        1
      ]
    },
    {
      "command": "rumdl",
      "mean": 0.1901862517,
      "stddev": 0.002155032938633655,
      "median": 0.18951591100000004,
      "user": 0.6179366,
      "system": 0.036936,
      "min": 0.18784133800000002,
      "max": 0.19422644600000002,
      "times": [
        0.190281671,
        0.18954383200000002,
        0.18784133800000002,
        0.18842065400000002,
        0.189171252,
        0.188155062,
        0.18948799000000002,
        0.19156697,
        0.193167302,
        0.19422644600000002
      ],
      "memory_usage_byte": [
        51621888,
        51621888,
        51621888,
        51621888,
        51621888,
        51621888,
        51621888,
        51621888,
        51621888,
        51621888
      ],
      "exit_codes": [
        1,
        1,
        1,
        1,
        1,
        1,
        1,
        1,
        1,
        1
      ]
    },
    {
      "command": "panache",
      "mean": 0.5466179296,
      "stddev": 0.010483187607319438,
      "median": 0.549945628,
      "user": 1.563323,
      "system": 0.0626877,
      "min": 0.518238598,
      "max": 0.555495584,
      "times": [
        0.550788754,
        0.518238598,
        0.547024495,
        0.5511394110000001,
        0.5452558230000001,
        0.552974481,
        0.549271983,
        0.555495584,
        0.550619273,
        0.545370894
      ],
      "memory_usage_byte": [
        51621888,
        51621888,
        51621888,
        51621888,
        51621888,
        51621888,
        51621888,
        51621888,
        51621888,
        51621888
      ],
      "exit_codes": [
        0,
        0,
        0,
        0,
        0,
        0,
        0,
        0,
        0,
        0
      ]
    },
    {
      "command": "mdsmith-parity",
      "mean": 0.18790481509999998,
      "stddev": 0.004913770780350137,
      "median": 0.18689368750000002,
      "user": 0.45935819999999994,
      "system": 0.05741440000000001,
      "min": 0.182739285,
      "max": 0.200107779,
      "times": [
        0.200107779,
        0.185304194,
        0.189746814,
        0.18559113200000002,
        0.186675649,
        0.183408494,
        0.188640637,
        0.18972244100000002,
        0.187111726,
        0.182739285
      ],
      "memory_usage_byte": [
        51621888,
        51621888,
        51621888,
        51621888,
        51621888,
        51621888,
        51621888,
        51621888,
        51621888,
        51621888
      ],
      "exit_codes": [
        1,
        1,
        1,
        1,
        1,
        1,
        1,
        1,
        1,
        1
      ]
    },
    {
      "command": "mdsmith",
      "mean": 0.3425314688,
      "stddev": 0.008245107854859962,
      "median": 0.3393117335,
      "user": 0.9238987000000002,
      "system": 0.1042273,
      "min": 0.330946079,
      "max": 0.357767225,
      "times": [
        0.339316491,
        0.33930697600000004,
        0.339281108,
        0.35149465300000005,
        0.357767225,
        0.347975276,
        0.347084981,
        0.336028369,
        0.330946079,
        0.33611353
      ],
      "memory_usage_byte": [
        54386688,
        54386688,
        54505472,
        54722560,
        54722560,
        54722560,
        54722560,
        54722560,
        54722560,
        54722560
      ],
      "exit_codes": [
        1,
        1,
        1,
        1,
        1,
        1,
        1,
        1,
        1,
        1
      ]
    }
  ]
}
