{
  "results": [
    {
      "command": "mado",
      "mean": 0.0462532027,
      "stddev": 0.00331149771250828,
      "median": 0.045411075,
      "user": 0.06735149999999998,
      "system": 0.018728299999999996,
      "min": 0.043875834,
      "max": 0.055492637000000004,
      "times": [
        0.055492637000000004,
        0.044407093,
        0.043875834,
        0.045532836,
        0.046052178000000006,
        0.045173273,
        0.045888875,
        0.045579696,
        0.045289314000000004,
        0.045240291
      ],
      "memory_usage_byte": [
        29261824,
        29261824,
        29261824,
        29261824,
        29261824,
        29261824,
        29261824,
        29261824,
        29261824,
        29261824
      ],
      "exit_codes": [
        1,
        1,
        1,
        1,
        1,
        1,
        1,
        1,
        1,
        1
      ]
    },
    {
      "command": "rumdl",
      "mean": 0.21552482920000005,
      "stddev": 0.004726817799769594,
      "median": 0.21377447300000002,
      "user": 0.6366121,
      "system": 0.059385499999999994,
      "min": 0.20971001,
      "max": 0.22520119100000002,
      "times": [
        0.21508310500000002,
        0.21200839600000002,
        0.212952038,
        0.22520119100000002,
        0.20971001,
        0.212982464,
        0.22128018500000002,
        0.218481957,
        0.213803123,
        0.213745823
      ],
      "memory_usage_byte": [
        51834880,
        51834880,
        51834880,
        51957760,
        51957760,
        51957760,
        51957760,
        52727808,
        52727808,
        52727808
      ],
      "exit_codes": [
        1,
        1,
        1,
        1,
        1,
        1,
        1,
        1,
        1,
        1
      ]
    },
    {
      "command": "panache",
      "mean": 0.39985721820000003,
      "stddev": 0.0012789270387524706,
      "median": 0.3996619515,
      "user": 1.4278056,
      "system": 0.11403889999999998,
      "min": 0.398234493,
      "max": 0.402336923,
      "times": [
        0.402336923,
        0.400876854,
        0.40035585,
        0.39900571300000004,
        0.398268777,
        0.398234493,
        0.399573711,
        0.399750192,
        0.400861613,
        0.399308056
      ],
      "memory_usage_byte": [
        52727808,
        52727808,
        52727808,
        52727808,
        52727808,
        52727808,
        52727808,
        52727808,
        52727808,
        52727808
      ],
      "exit_codes": [
        0,
        0,
        0,
        0,
        0,
        0,
        0,
        0,
        0,
        0
      ]
    },
    {
      "command": "mdsmith-parity",
      "mean": 0.1136704699,
      "stddev": 0.0013271877872260947,
      "median": 0.1142288645,
      "user": 0.3233126,
      "system": 0.0471199,
      "min": 0.11167887000000001,
      "max": 0.114959156,
      "times": [
        0.11394225100000001,
        0.114515478,
        0.114630172,
        0.11489181100000001,
        0.11461209500000001,
        0.111694608,
        0.114959156,
        0.11167887000000001,
        0.11217721000000001,
        0.11360304800000001
      ],
      "memory_usage_byte": [
        52727808,
        52727808,
        52727808,
        52727808,
        52727808,
        52727808,
        52727808,
        52727808,
        52727808,
        52727808
      ],
      "exit_codes": [
        1,
        1,
        1,
        1,
        1,
        1,
        1,
        1,
        1,
        1
      ]
    },
    {
      "command": "mdsmith",
      "mean": 0.5140086983,
      "stddev": 0.006605593666227027,
      "median": 0.5169610245,
      "user": 1.1742481999999996,
      "system": 0.5384973000000001,
      "min": 0.503133925,
      "max": 0.521198277,
      "times": [
        0.517128636,
        0.503581554,
        0.516793413,
        0.514952136,
        0.503133925,
        0.5181111,
        0.519698754,
        0.521198277,
        0.5080944510000001,
        0.517394737
      ],
      "memory_usage_byte": [
        52727808,
        52727808,
        52727808,
        52727808,
        52727808,
        52727808,
        52727808,
        52727808,
        52727808,
        52727808
      ],
      "exit_codes": [
        1,
        1,
        1,
        1,
        1,
        1,
        1,
        1,
        1,
        1
      ]
    }
  ]
}
