{
  "results": [
    {
      "command": "markdownlint-cli2",
      "mean": 3.2466584488333337,
      "stddev": 0.11132082901295089,
      "median": 3.2048841665000003,
      "user": 4.965738333333333,
      "system": 0.36510349999999997,
      "min": 3.158811087,
      "max": 3.45125741,
      "times": [
        3.45125741,
        3.158811087,
        3.168630432,
        3.224832966,
        3.184935367,
        3.291483431
      ],
      "memory_usage_byte": [
        354660352,
        354660352,
        367779840,
        383500288,
        383500288,
        383500288
      ],
      "exit_codes": [
        1,
        1,
        1,
        1,
        1,
        1
      ]
    }
  ]
}
