{
  "results": [
    {
      "command": "markdownlint-cli2",
      "mean": 3.3073618670000005,
      "stddev": 0.05274718091282163,
      "median": 3.3036482510000003,
      "user": 5.079441666666665,
      "system": 0.3919133333333333,
      "min": 3.240154989,
      "max": 3.379020084,
      "times": [
        3.379020084,
        3.309444756,
        3.297851746,
        3.354459309,
        3.240154989,
        3.2632403180000003
      ],
      "memory_usage_byte": [
        388567040,
        388567040,
        389591040,
        396525568,
        396525568,
        396525568
      ],
      "exit_codes": [
        1,
        1,
        1,
        1,
        1,
        1
      ]
    }
  ]
}
