{
  "results": [
    {
      "command": "markdownlint-cli2",
      "mean": 3.1205303253333336,
      "stddev": 0.10364642794956612,
      "median": 3.127177704,
      "user": 4.632468,
      "system": 0.2672155,
      "min": 2.980604621,
      "max": 3.2292258130000002,
      "times": [
        3.210109316,
        3.2292258130000002,
        2.980604621,
        3.059822556,
        3.194532852,
        3.048886794
      ],
      "memory_usage_byte": [
        379023360,
        379023360,
        379023360,
        390877184,
        390877184,
        390877184
      ],
      "exit_codes": [
        1,
        1,
        1,
        1,
        1,
        1
      ]
    }
  ]
}
