{
  "results": [
    {
      "command": "markdownlint-cli2",
      "mean": 3.2066255528333336,
      "stddev": 0.026581873202963614,
      "median": 3.208526606,
      "user": 4.998336833333333,
      "system": 0.28196516666666666,
      "min": 3.169712858,
      "max": 3.235477174,
      "times": [
        3.233436989,
        3.184073084,
        3.235477174,
        3.169712858,
        3.201339052,
        3.21571416
      ],
      "memory_usage_byte": [
        366804992,
        366804992,
        366804992,
        366804992,
        366804992,
        366804992
      ],
      "exit_codes": [
        1,
        1,
        1,
        1,
        1,
        1
      ]
    }
  ]
}
