{
  "results": [
    {
      "command": "markdownlint-cli2",
      "mean": 3.0558241066666665,
      "stddev": 0.053224890362575654,
      "median": 3.0349678675,
      "user": 4.5747211666666665,
      "system": 0.2755856666666667,
      "min": 3.013091832,
      "max": 3.159282245,
      "times": [
        3.013091832,
        3.159282245,
        3.036092861,
        3.033842874,
        3.063369687,
        3.029265141
      ],
      "memory_usage_byte": [
        391667712,
        391667712,
        391667712,
        391667712,
        391667712,
        391667712
      ],
      "exit_codes": [
        1,
        1,
        1,
        1,
        1,
        1
      ]
    }
  ]
}
