{
  "results": [
    {
      "command": "mado",
      "mean": 0.0465515782,
      "stddev": 0.0021025288242018797,
      "median": 0.04572180000000001,
      "user": 0.0742999,
      "system": 0.0077435,
      "min": 0.045110044,
      "max": 0.051157729000000006,
      "times": [
        0.045110044,
        0.045431293000000005,
        0.045690879000000004,
        0.045397022,
        0.045332557,
        0.051157729000000006,
        0.045965918,
        0.045752721,
        0.049759883000000005,
        0.045917736
      ],
      "memory_usage_byte": [
        29609984,
        29609984,
        29609984,
        29609984,
        29609984,
        29609984,
        33361920,
        33411072,
        33411072,
        33411072
      ],
      "exit_codes": [
        1,
        1,
        1,
        1,
        1,
        1,
        1,
        1,
        1,
        1
      ]
    },
    {
      "command": "rumdl",
      "mean": 0.18941512889999998,
      "stddev": 0.002969490022889542,
      "median": 0.1886268245,
      "user": 0.6174381999999999,
      "system": 0.0384643,
      "min": 0.187201688,
      "max": 0.196788248,
      "times": [
        0.19224252600000002,
        0.187385021,
        0.18737736900000002,
        0.196788248,
        0.18876496,
        0.189142361,
        0.187972082,
        0.18878834500000002,
        0.187201688,
        0.18848868900000001
      ],
      "memory_usage_byte": [
        52183040,
        52183040,
        52183040,
        52183040,
        52183040,
        52183040,
        52183040,
        52183040,
        52183040,
        52183040
      ],
      "exit_codes": [
        1,
        1,
        1,
        1,
        1,
        1,
        1,
        1,
        1,
        1
      ]
    },
    {
      "command": "panache",
      "mean": 0.5387012457,
      "stddev": 0.015521781417578,
      "median": 0.5472282340000001,
      "user": 1.5742586,
      "system": 0.0605015,
      "min": 0.514130229,
      "max": 0.5515538130000001,
      "times": [
        0.544631017,
        0.5470280470000001,
        0.517998033,
        0.548057376,
        0.547428421,
        0.517136012,
        0.514130229,
        0.5515538130000001,
        0.550795652,
        0.5482538570000001
      ],
      "memory_usage_byte": [
        52183040,
        52183040,
        52183040,
        52183040,
        52183040,
        52183040,
        52183040,
        52183040,
        52183040,
        52183040
      ],
      "exit_codes": [
        0,
        0,
        0,
        0,
        0,
        0,
        0,
        0,
        0,
        0
      ]
    },
    {
      "command": "mdsmith-parity",
      "mean": 0.18782088360000002,
      "stddev": 0.002080742623210769,
      "median": 0.1874113605,
      "user": 0.46755749999999996,
      "system": 0.054615899999999995,
      "min": 0.18485020200000002,
      "max": 0.19088997600000002,
      "times": [
        0.18570777300000002,
        0.190397128,
        0.18719279900000002,
        0.187588962,
        0.190154978,
        0.187233759,
        0.188175699,
        0.19088997600000002,
        0.18601756,
        0.18485020200000002
      ],
      "memory_usage_byte": [
        52183040,
        52183040,
        52183040,
        52183040,
        52183040,
        52183040,
        52183040,
        52183040,
        52183040,
        52183040
      ],
      "exit_codes": [
        1,
        1,
        1,
        1,
        1,
        1,
        1,
        1,
        1,
        1
      ]
    },
    {
      "command": "mdsmith",
      "mean": 0.36631047670000005,
      "stddev": 0.03547187930319356,
      "median": 0.3466000745,
      "user": 0.9403144000000001,
      "system": 0.09801079999999998,
      "min": 0.340182248,
      "max": 0.43088813200000003,
      "times": [
        0.34097250100000004,
        0.346231057,
        0.340182248,
        0.34696909200000003,
        0.34145394500000004,
        0.342328944,
        0.359747521,
        0.43088813200000003,
        0.42262074000000005,
        0.391710587
      ],
      "memory_usage_byte": [
        54591488,
        54591488,
        54595584,
        54595584,
        54595584,
        54595584,
        54595584,
        54595584,
        54595584,
        54595584
      ],
      "exit_codes": [
        1,
        1,
        1,
        1,
        1,
        1,
        1,
        1,
        1,
        1
      ]
    }
  ]
}
