{
  "results": [
    {
      "command": "mado",
      "mean": 0.04685030750000001,
      "stddev": 0.002301095803361387,
      "median": 0.046050196,
      "user": 0.07390229999999999,
      "system": 0.009078199999999998,
      "min": 0.045535242000000004,
      "max": 0.053180123,
      "times": [
        0.046009049,
        0.045535242000000004,
        0.045582109,
        0.047358976000000004,
        0.046091343,
        0.053180123,
        0.046566412,
        0.045730647000000006,
        0.046768330000000004,
        0.045680844000000005
      ],
      "memory_usage_byte": [
        29470720,
        29585408,
        29585408,
        31608832,
        31608832,
        31608832,
        31608832,
        31608832,
        31608832,
        31608832
      ],
      "exit_codes": [
        1,
        1,
        1,
        1,
        1,
        1,
        1,
        1,
        1,
        1
      ]
    },
    {
      "command": "rumdl",
      "mean": 0.19642727580000002,
      "stddev": 0.002902851806707055,
      "median": 0.19588771850000003,
      "user": 0.6487995000000001,
      "system": 0.0352088,
      "min": 0.193301056,
      "max": 0.20344198900000002,
      "times": [
        0.193594328,
        0.19582596500000002,
        0.19616507000000002,
        0.19584901700000001,
        0.19592642000000002,
        0.20344198900000002,
        0.194832091,
        0.193301056,
        0.198715521,
        0.19662130100000003
      ],
      "memory_usage_byte": [
        47341568,
        48619520,
        50868224,
        52969472,
        52998144,
        52998144,
        52998144,
        52998144,
        52998144,
        52998144
      ],
      "exit_codes": [
        1,
        1,
        1,
        1,
        1,
        1,
        1,
        1,
        1,
        1
      ]
    },
    {
      "command": "panache",
      "mean": 0.5452716482,
      "stddev": 0.015138299604903432,
      "median": 0.554196896,
      "user": 1.6209122,
      "system": 0.0564727,
      "min": 0.525510394,
      "max": 0.560518178,
      "times": [
        0.5566105530000001,
        0.526431278,
        0.5272039040000001,
        0.525510394,
        0.560518178,
        0.5573106360000001,
        0.5327107130000001,
        0.5580270340000001,
        0.555752727,
        0.552641065
      ],
      "memory_usage_byte": [
        52998144,
        52998144,
        52998144,
        52998144,
        52998144,
        52998144,
        52998144,
        52998144,
        52998144,
        52998144
      ],
      "exit_codes": [
        0,
        0,
        0,
        0,
        0,
        0,
        0,
        0,
        0,
        0
      ]
    },
    {
      "command": "mdsmith-parity",
      "mean": 0.1837214715,
      "stddev": 0.010447971263325391,
      "median": 0.18074576450000002,
      "user": 0.47622349999999997,
      "system": 0.0435892,
      "min": 0.178154478,
      "max": 0.213106647,
      "times": [
        0.181323791,
        0.18005949400000001,
        0.180748144,
        0.213106647,
        0.178169146,
        0.181750199,
        0.179681838,
        0.18347759300000002,
        0.180743385,
        0.178154478
      ],
      "memory_usage_byte": [
        52998144,
        52998144,
        52998144,
        52998144,
        52998144,
        52998144,
        52998144,
        52998144,
        52998144,
        52998144
      ],
      "exit_codes": [
        1,
        1,
        1,
        1,
        1,
        1,
        1,
        1,
        1,
        1
      ]
    },
    {
      "command": "mdsmith",
      "mean": 0.3449424756,
      "stddev": 0.0019335377114183534,
      "median": 0.34472178950000004,
      "user": 0.9947866999999999,
      "system": 0.0773028,
      "min": 0.342572144,
      "max": 0.348521077,
      "times": [
        0.346917986,
        0.34319967900000004,
        0.342893053,
        0.34581252500000004,
        0.342572144,
        0.34491891500000005,
        0.348521077,
        0.34378058300000003,
        0.34452466400000004,
        0.34628413
      ],
      "memory_usage_byte": [
        54435840,
        54435840,
        54435840,
        54435840,
        54435840,
        54435840,
        54435840,
        54435840,
        54435840,
        54435840
      ],
      "exit_codes": [
        1,
        1,
        1,
        1,
        1,
        1,
        1,
        1,
        1,
        1
      ]
    }
  ]
}
