{
  "results": [
    {
      "command": "markdownlint-cli2",
      "mean": 3.1197090283333337,
      "stddev": 0.09698050492307811,
      "median": 3.078044135,
      "user": 4.695992166666667,
      "system": 0.2763468333333333,
      "min": 3.018868726,
      "max": 3.255233558,
      "times": [
        3.071060395,
        3.018868726,
        3.255233558,
        3.226910514,
        3.061153102,
        3.085027875
      ],
      "memory_usage_byte": [
        399171584,
        399171584,
        399171584,
        399171584,
        399171584,
        399171584
      ],
      "exit_codes": [
        1,
        1,
        1,
        1,
        1,
        1
      ]
    }
  ]
}
