{
  "results": [
    {
      "command": "markdownlint-cli2",
      "mean": 3.343530368166667,
      "stddev": 0.08865484260865814,
      "median": 3.331935432,
      "user": 5.144002666666666,
      "system": 0.30908166666666664,
      "min": 3.253912174,
      "max": 3.489292602,
      "times": [
        3.265787006,
        3.489292602,
        3.388319563,
        3.253912174,
        3.302768939,
        3.361101925
      ],
      "memory_usage_byte": [
        393551872,
        393551872,
        393551872,
        393551872,
        393551872,
        393551872
      ],
      "exit_codes": [
        1,
        1,
        1,
        1,
        1,
        1
      ]
    }
  ]
}
