{
  "results": [
    {
      "command": "mado",
      "mean": 0.046401751100000006,
      "stddev": 0.0024180644852335675,
      "median": 0.045747813000000005,
      "user": 0.0733506,
      "system": 0.0085329,
      "min": 0.045262554,
      "max": 0.053242239000000004,
      "times": [
        0.04545955,
        0.053242239000000004,
        0.045924298,
        0.045262554,
        0.045914263000000004,
        0.045873552000000005,
        0.045966381,
        0.045622074000000006,
        0.045362314,
        0.045390286
      ],
      "memory_usage_byte": [
        29278208,
        29700096,
        29700096,
        29700096,
        29700096,
        29700096,
        29700096,
        31027200,
        31027200,
        31027200
      ],
      "exit_codes": [
        1,
        1,
        1,
        1,
        1,
        1,
        1,
        1,
        1,
        1
      ]
    },
    {
      "command": "rumdl",
      "mean": 0.1926948591,
      "stddev": 0.0033660809990925145,
      "median": 0.192302146,
      "user": 0.6236556999999999,
      "system": 0.036783300000000005,
      "min": 0.188702269,
      "max": 0.198800267,
      "times": [
        0.190865528,
        0.189416743,
        0.188702269,
        0.19382205900000002,
        0.197329988,
        0.198800267,
        0.19127032600000002,
        0.193641218,
        0.189766227,
        0.19333396600000002
      ],
      "memory_usage_byte": [
        50036736,
        50036736,
        50036736,
        50036736,
        50216960,
        50216960,
        50946048,
        52367360,
        52367360,
        52367360
      ],
      "exit_codes": [
        1,
        1,
        1,
        1,
        1,
        1,
        1,
        1,
        1,
        1
      ]
    },
    {
      "command": "panache",
      "mean": 0.5322759781,
      "stddev": 0.01767597284597899,
      "median": 0.53087187,
      "user": 1.5788691,
      "system": 0.06581569999999999,
      "min": 0.513847972,
      "max": 0.554138625,
      "times": [
        0.513943755,
        0.516815659,
        0.554138625,
        0.550129674,
        0.517243742,
        0.549995272,
        0.544499998,
        0.516784743,
        0.513847972,
        0.5453603410000001
      ],
      "memory_usage_byte": [
        52367360,
        52367360,
        52367360,
        52367360,
        52367360,
        52367360,
        52367360,
        52367360,
        52367360,
        52367360
      ],
      "exit_codes": [
        0,
        0,
        0,
        0,
        0,
        0,
        0,
        0,
        0,
        0
      ]
    },
    {
      "command": "mdsmith-parity",
      "mean": 0.19921971470000002,
      "stddev": 0.004213910504984099,
      "median": 0.19755503200000002,
      "user": 0.5062829999999999,
      "system": 0.056646199999999994,
      "min": 0.194545139,
      "max": 0.207169505,
      "times": [
        0.207169505,
        0.194545139,
        0.203717861,
        0.197685476,
        0.197424588,
        0.20393039000000002,
        0.19569198100000001,
        0.196236609,
        0.198878527,
        0.196917071
      ],
      "memory_usage_byte": [
        52367360,
        52367360,
        52367360,
        52367360,
        52367360,
        52367360,
        52367360,
        52367360,
        52367360,
        52367360
      ],
      "exit_codes": [
        1,
        1,
        1,
        1,
        1,
        1,
        1,
        1,
        1,
        1
      ]
    },
    {
      "command": "mdsmith",
      "mean": 0.3554867158,
      "stddev": 0.009019976219268894,
      "median": 0.3525407735,
      "user": 0.9737442999999999,
      "system": 0.103307,
      "min": 0.349739774,
      "max": 0.380639245,
      "times": [
        0.355322138,
        0.350930913,
        0.35472375,
        0.352866575,
        0.352214972,
        0.35482987400000005,
        0.349739774,
        0.35188022900000004,
        0.380639245,
        0.35171968800000003
      ],
      "memory_usage_byte": [
        52367360,
        52367360,
        52367360,
        54124544,
        54124544,
        54280192,
        54280192,
        54280192,
        54280192,
        54280192
      ],
      "exit_codes": [
        1,
        1,
        1,
        1,
        1,
        1,
        1,
        1,
        1,
        1
      ]
    }
  ]
}
