{
  "results": [
    {
      "command": "markdownlint-cli2",
      "mean": 3.1289883824999998,
      "stddev": 0.13267821600809318,
      "median": 3.0887982845,
      "user": 4.759876333333333,
      "system": 0.3172568333333334,
      "min": 3.005152479,
      "max": 3.291288092,
      "times": [
        3.014063685,
        3.28582947,
        3.005152479,
        3.291288092,
        3.037302083,
        3.140294486
      ],
      "memory_usage_byte": [
        337211392,
        367022080,
        367022080,
        367022080,
        369504256,
        369504256
      ],
      "exit_codes": [
        1,
        1,
        1,
        1,
        1,
        1
      ]
    }
  ]
}
