{
  "results": [
    {
      "command": "markdownlint-cli2",
      "mean": 3.4165186693333336,
      "stddev": 0.1023775897417553,
      "median": 3.3817750799999997,
      "user": 5.212597333333333,
      "system": 0.2856453333333333,
      "min": 3.3289160620000002,
      "max": 3.611829879,
      "times": [
        3.611829879,
        3.43762124,
        3.3289160620000002,
        3.371619289,
        3.391930871,
        3.357194675
      ],
      "memory_usage_byte": [
        382369792,
        382369792,
        382369792,
        382369792,
        382369792,
        382369792
      ],
      "exit_codes": [
        1,
        1,
        1,
        1,
        1,
        1
      ]
    }
  ]
}
