{
  "results": [
    {
      "command": "markdownlint-cli2",
      "mean": 3.387483898833333,
      "stddev": 0.09310716048456136,
      "median": 3.3482384815,
      "user": 5.234616333333334,
      "system": 0.2689318333333333,
      "min": 3.32313869,
      "max": 3.5711394050000003,
      "times": [
        3.5711394050000003,
        3.32313869,
        3.345645408,
        3.394895903,
        3.350831555,
        3.339252432
      ],
      "memory_usage_byte": [
        386801664,
        386801664,
        386801664,
        386801664,
        386801664,
        386801664
      ],
      "exit_codes": [
        1,
        1,
        1,
        1,
        1,
        1
      ]
    }
  ]
}
