{
  "results": [
    {
      "command": "mado",
      "mean": 0.0480975758,
      "stddev": 0.00446293293208682,
      "median": 0.046032224000000004,
      "user": 0.0754671,
      "system": 0.0093221,
      "min": 0.045748534,
      "max": 0.058133685000000004,
      "times": [
        0.046158645000000005,
        0.045748534,
        0.046407241,
        0.04592365,
        0.045854624000000004,
        0.054703174,
        0.058133685000000004,
        0.046070983,
        0.045993465000000004,
        0.045981757000000005
      ],
      "memory_usage_byte": [
        29597696,
        29597696,
        31019008,
        31019008,
        31019008,
        31019008,
        31019008,
        31019008,
        31019008,
        31019008
      ],
      "exit_codes": [
        1,
        1,
        1,
        1,
        1,
        1,
        1,
        1,
        1,
        1
      ]
    },
    {
      "command": "rumdl",
      "mean": 0.19037121419999997,
      "stddev": 0.001671345220986436,
      "median": 0.19004386,
      "user": 0.6239176,
      "system": 0.0366896,
      "min": 0.188072872,
      "max": 0.19279828200000002,
      "times": [
        0.188316702,
        0.190009232,
        0.19210501400000002,
        0.188072872,
        0.19279828200000002,
        0.18964385,
        0.18942889400000001,
        0.19261444400000002,
        0.190644364,
        0.19007848800000002
      ],
      "memory_usage_byte": [
        50364416,
        50364416,
        50364416,
        51003392,
        51003392,
        51003392,
        51003392,
        51003392,
        51003392,
        51003392
      ],
      "exit_codes": [
        1,
        1,
        1,
        1,
        1,
        1,
        1,
        1,
        1,
        1
      ]
    },
    {
      "command": "panache",
      "mean": 0.5398426561,
      "stddev": 0.016690040333681024,
      "median": 0.549180707,
      "user": 1.5753876,
      "system": 0.061419299999999996,
      "min": 0.5132059480000001,
      "max": 0.5525143610000001,
      "times": [
        0.515982845,
        0.550900075,
        0.551802447,
        0.5525143610000001,
        0.518599086,
        0.5132059480000001,
        0.548891935,
        0.54495696,
        0.549469479,
        0.552103425
      ],
      "memory_usage_byte": [
        51003392,
        51003392,
        51003392,
        51003392,
        51003392,
        51003392,
        51003392,
        51003392,
        51003392,
        51003392
      ],
      "exit_codes": [
        0,
        0,
        0,
        0,
        0,
        0,
        0,
        0,
        0,
        0
      ]
    },
    {
      "command": "mdsmith-parity",
      "mean": 0.1925972912,
      "stddev": 0.005580452267642208,
      "median": 0.191870182,
      "user": 0.4757764,
      "system": 0.0572813,
      "min": 0.18612773700000002,
      "max": 0.20389980900000002,
      "times": [
        0.188671325,
        0.18875659800000003,
        0.192934622,
        0.19142223800000002,
        0.192318126,
        0.18853035,
        0.20049319200000001,
        0.20389980900000002,
        0.192818915,
        0.18612773700000002
      ],
      "memory_usage_byte": [
        51003392,
        51003392,
        51003392,
        51003392,
        51003392,
        51003392,
        51003392,
        51003392,
        51003392,
        51003392
      ],
      "exit_codes": [
        1,
        1,
        1,
        1,
        1,
        1,
        1,
        1,
        1,
        1
      ]
    },
    {
      "command": "mdsmith",
      "mean": 0.3739350569,
      "stddev": 0.04151850427626704,
      "median": 0.3496106815,
      "user": 0.9528846,
      "system": 0.10347959999999998,
      "min": 0.344476747,
      "max": 0.45558975700000004,
      "times": [
        0.349807339,
        0.45558975700000004,
        0.43737686000000003,
        0.397308696,
        0.348073097,
        0.34941402400000005,
        0.344476747,
        0.36291411300000004,
        0.345814821,
        0.34857511500000005
      ],
      "memory_usage_byte": [
        54296576,
        56467456,
        56467456,
        56467456,
        56467456,
        56467456,
        56467456,
        56467456,
        56467456,
        56467456
      ],
      "exit_codes": [
        1,
        1,
        1,
        1,
        1,
        1,
        1,
        1,
        1,
        1
      ]
    }
  ]
}
