{
  "results": [
    {
      "command": "mado",
      "mean": 0.042630535600000005,
      "stddev": 0.00030002102606991454,
      "median": 0.0425810485,
      "user": 0.0655486,
      "system": 0.011905099999999998,
      "min": 0.042203443,
      "max": 0.043292259,
      "times": [
        0.042980145000000004,
        0.042595792,
        0.042524442,
        0.043292259,
        0.042203443,
        0.042461780000000005,
        0.042597759000000006,
        0.042569478,
        0.042487639,
        0.042592619000000005
      ],
      "memory_usage_byte": [
        31297536,
        31297536,
        31444992,
        31444992,
        31444992,
        31444992,
        31444992,
        31444992,
        31444992,
        31444992
      ],
      "exit_codes": [
        1,
        1,
        1,
        1,
        1,
        1,
        1,
        1,
        1,
        1
      ]
    },
    {
      "command": "rumdl",
      "mean": 0.23365694020000002,
      "stddev": 0.008873429535006052,
      "median": 0.2333358405,
      "user": 0.7417319,
      "system": 0.036158,
      "min": 0.21921599100000003,
      "max": 0.24884934300000003,
      "times": [
        0.233160788,
        0.23152807800000003,
        0.21921599100000003,
        0.231439625,
        0.22114924700000002,
        0.239765375,
        0.24112608500000002,
        0.23351089300000002,
        0.24884934300000003,
        0.23682397700000002
      ],
      "memory_usage_byte": [
        51884032,
        52715520,
        52715520,
        52715520,
        52715520,
        52715520,
        52715520,
        52715520,
        52715520,
        52715520
      ],
      "exit_codes": [
        1,
        1,
        1,
        1,
        1,
        1,
        1,
        1,
        1,
        1
      ]
    },
    {
      "command": "panache",
      "mean": 0.42680469970000007,
      "stddev": 0.008246479381274825,
      "median": 0.4236587745,
      "user": 1.5705157999999997,
      "system": 0.0672522,
      "min": 0.419134149,
      "max": 0.443991352,
      "times": [
        0.443991352,
        0.42570469400000005,
        0.436453036,
        0.421515607,
        0.41983591000000003,
        0.423235599,
        0.419134149,
        0.42408195000000004,
        0.421271846,
        0.43282285400000003
      ],
      "memory_usage_byte": [
        52715520,
        52715520,
        52715520,
        52715520,
        52715520,
        52715520,
        52715520,
        52715520,
        52715520,
        52715520
      ],
      "exit_codes": [
        0,
        0,
        0,
        0,
        0,
        0,
        0,
        0,
        0,
        0
      ]
    },
    {
      "command": "mdsmith-parity",
      "mean": 0.12871994650000002,
      "stddev": 0.0026802632886105855,
      "median": 0.1281697015,
      "user": 0.4065257,
      "system": 0.0343625,
      "min": 0.125686398,
      "max": 0.134674479,
      "times": [
        0.12971828000000002,
        0.127886795,
        0.125818599,
        0.125686398,
        0.134674479,
        0.126718936,
        0.127828657,
        0.129663246,
        0.130751467,
        0.128452608
      ],
      "memory_usage_byte": [
        52715520,
        52715520,
        52715520,
        52715520,
        52715520,
        52715520,
        52715520,
        52715520,
        52715520,
        52715520
      ],
      "exit_codes": [
        1,
        1,
        1,
        1,
        1,
        1,
        1,
        1,
        1,
        1
      ]
    },
    {
      "command": "mdsmith",
      "mean": 0.4167543982,
      "stddev": 0.018324248139094494,
      "median": 0.410357446,
      "user": 1.0859241000000002,
      "system": 0.3474093,
      "min": 0.40280545,
      "max": 0.46487549600000005,
      "times": [
        0.46487549600000005,
        0.40280545,
        0.404883192,
        0.40917692600000005,
        0.40407558000000005,
        0.4082576,
        0.421204538,
        0.418436189,
        0.41153796600000003,
        0.42229104500000003
      ],
      "memory_usage_byte": [
        52715520,
        52715520,
        52715520,
        52715520,
        52715520,
        52715520,
        52715520,
        52715520,
        52715520,
        52715520
      ],
      "exit_codes": [
        1,
        1,
        1,
        1,
        1,
        1,
        1,
        1,
        1,
        1
      ]
    }
  ]
}
