{
  "results": [
    {
      "command": "mado",
      "mean": 0.0477584022,
      "stddev": 0.0014999786994286724,
      "median": 0.04731044150000001,
      "user": 0.07060959999999998,
      "system": 0.018108,
      "min": 0.046221032,
      "max": 0.051150569,
      "times": [
        0.049521235000000004,
        0.047236204000000004,
        0.046809399,
        0.051150569,
        0.046727768,
        0.047605563000000004,
        0.047384679000000006,
        0.046872427,
        0.046221032,
        0.048055146
      ],
      "memory_usage_byte": [
        29155328,
        29155328,
        29155328,
        31309824,
        31309824,
        31309824,
        31309824,
        31309824,
        31309824,
        31309824
      ],
      "exit_codes": [
        1,
        1,
        1,
        1,
        1,
        1,
        1,
        1,
        1,
        1
      ]
    },
    {
      "command": "rumdl",
      "mean": 0.23576898599999999,
      "stddev": 0.0073885188232349465,
      "median": 0.23359093800000003,
      "user": 0.6879513999999999,
      "system": 0.055838,
      "min": 0.22713026400000003,
      "max": 0.24682282200000003,
      "times": [
        0.228949588,
        0.23547621400000002,
        0.24682282200000003,
        0.243994022,
        0.230059222,
        0.23255478100000002,
        0.234627095,
        0.22713026400000003,
        0.231466678,
        0.24660917400000001
      ],
      "memory_usage_byte": [
        51159040,
        51765248,
        51765248,
        51765248,
        51765248,
        51765248,
        51765248,
        51765248,
        51765248,
        51765248
      ],
      "exit_codes": [
        1,
        1,
        1,
        1,
        1,
        1,
        1,
        1,
        1,
        1
      ]
    },
    {
      "command": "panache",
      "mean": 0.42511233530000003,
      "stddev": 0.0022201252192880646,
      "median": 0.42457701200000003,
      "user": 1.5319643999999997,
      "system": 0.1123526,
      "min": 0.42245296600000004,
      "max": 0.429345222,
      "times": [
        0.42593685400000003,
        0.42285482300000005,
        0.42330539100000003,
        0.426591812,
        0.42245296600000004,
        0.429345222,
        0.42466844600000003,
        0.42390261100000004,
        0.42757965000000003,
        0.42448557800000003
      ],
      "memory_usage_byte": [
        51765248,
        51765248,
        51765248,
        51765248,
        51765248,
        51765248,
        51765248,
        51765248,
        51765248,
        51765248
      ],
      "exit_codes": [
        0,
        0,
        0,
        0,
        0,
        0,
        0,
        0,
        0,
        0
      ]
    },
    {
      "command": "mdsmith-parity",
      "mean": 0.13503617140000002,
      "stddev": 0.0008069245055315778,
      "median": 0.13485352450000002,
      "user": 0.4034732,
      "system": 0.04817129999999999,
      "min": 0.133929141,
      "max": 0.13641341,
      "times": [
        0.13641341,
        0.135523567,
        0.13477904400000001,
        0.13579717500000002,
        0.134250754,
        0.133929141,
        0.134642847,
        0.135780814,
        0.13492800500000002,
        0.13431695700000001
      ],
      "memory_usage_byte": [
        51765248,
        51765248,
        51765248,
        51765248,
        51765248,
        51765248,
        51765248,
        51765248,
        51765248,
        51765248
      ],
      "exit_codes": [
        1,
        1,
        1,
        1,
        1,
        1,
        1,
        1,
        1,
        1
      ]
    },
    {
      "command": "mdsmith",
      "mean": 0.4994899749,
      "stddev": 0.05048311313360717,
      "median": 0.48151180800000004,
      "user": 1.1246639999999999,
      "system": 0.5109958,
      "min": 0.45667280600000004,
      "max": 0.605045491,
      "times": [
        0.465174896,
        0.48685435000000005,
        0.47616926600000004,
        0.501342885,
        0.576554026,
        0.605045491,
        0.49256324500000004,
        0.45667280600000004,
        0.46471753600000004,
        0.469805248
      ],
      "memory_usage_byte": [
        51765248,
        51765248,
        51765248,
        51765248,
        51765248,
        51765248,
        51765248,
        51765248,
        51765248,
        51765248
      ],
      "exit_codes": [
        1,
        1,
        1,
        1,
        1,
        1,
        1,
        1,
        1,
        1
      ]
    }
  ]
}
