{
  "results": [
    {
      "command": "mado",
      "mean": 0.04629884050000001,
      "stddev": 0.002200653989738064,
      "median": 0.04577418900000001,
      "user": 0.0692907,
      "system": 0.0171645,
      "min": 0.04411588,
      "max": 0.050713391000000003,
      "times": [
        0.047887871000000005,
        0.045987974,
        0.048762108000000005,
        0.04411588,
        0.044315173,
        0.045560404000000006,
        0.046538536000000005,
        0.044634521,
        0.050713391000000003,
        0.044472547
      ],
      "memory_usage_byte": [
        31137792,
        31137792,
        31137792,
        31137792,
        31137792,
        31137792,
        31137792,
        31137792,
        31137792,
        31137792
      ],
      "exit_codes": [
        1,
        1,
        1,
        1,
        1,
        1,
        1,
        1,
        1,
        1
      ]
    },
    {
      "command": "rumdl",
      "mean": 0.23275435839999997,
      "stddev": 0.018776198887727254,
      "median": 0.22606244000000003,
      "user": 0.6679892000000001,
      "system": 0.0524881,
      "min": 0.221976846,
      "max": 0.284563587,
      "times": [
        0.235979512,
        0.284563587,
        0.227470782,
        0.22469802100000003,
        0.221976846,
        0.224040169,
        0.227426859,
        0.22336360300000002,
        0.22407130800000002,
        0.23395289700000002
      ],
      "memory_usage_byte": [
        51384320,
        51384320,
        51384320,
        51384320,
        51384320,
        51384320,
        51384320,
        51384320,
        51384320,
        51384320
      ],
      "exit_codes": [
        1,
        1,
        1,
        1,
        1,
        1,
        1,
        1,
        1,
        1
      ]
    },
    {
      "command": "panache",
      "mean": 0.42493162109999993,
      "stddev": 0.044419347010770896,
      "median": 0.40428001,
      "user": 1.4578256,
      "system": 0.1080018,
      "min": 0.401684142,
      "max": 0.539959998,
      "times": [
        0.402605223,
        0.40407734900000003,
        0.403653205,
        0.40311634100000004,
        0.40555822300000005,
        0.42283581800000003,
        0.461343241,
        0.539959998,
        0.404482671,
        0.401684142
      ],
      "memory_usage_byte": [
        51384320,
        51384320,
        51384320,
        51384320,
        51384320,
        51384320,
        51384320,
        51384320,
        51384320,
        51384320
      ],
      "exit_codes": [
        0,
        0,
        0,
        0,
        0,
        0,
        0,
        0,
        0,
        0
      ]
    },
    {
      "command": "mdsmith-parity",
      "mean": 0.1103214955,
      "stddev": 0.0020095894372745902,
      "median": 0.11043878300000001,
      "user": 0.3185456,
      "system": 0.0430406,
      "min": 0.10620923600000001,
      "max": 0.113272037,
      "times": [
        0.113272037,
        0.11099007600000001,
        0.112347479,
        0.110108654,
        0.109557185,
        0.11076891200000001,
        0.108527153,
        0.10620923600000001,
        0.111669929,
        0.10976429400000001
      ],
      "memory_usage_byte": [
        51384320,
        51384320,
        51384320,
        51384320,
        51384320,
        51384320,
        51384320,
        51384320,
        51384320,
        51384320
      ],
      "exit_codes": [
        1,
        1,
        1,
        1,
        1,
        1,
        1,
        1,
        1,
        1
      ]
    },
    {
      "command": "mdsmith",
      "mean": 0.5095708972,
      "stddev": 0.013598811131785718,
      "median": 0.5103121985000001,
      "user": 1.1873535,
      "system": 0.4947393,
      "min": 0.48936319400000006,
      "max": 0.53823186,
      "times": [
        0.53823186,
        0.507850908,
        0.5108950170000001,
        0.51530802,
        0.50032653,
        0.515894782,
        0.50972938,
        0.514315916,
        0.48936319400000006,
        0.49379336500000004
      ],
      "memory_usage_byte": [
        51384320,
        51384320,
        51384320,
        51384320,
        51384320,
        51384320,
        51384320,
        51384320,
        51384320,
        51384320
      ],
      "exit_codes": [
        1,
        1,
        1,
        1,
        1,
        1,
        1,
        1,
        1,
        1
      ]
    }
  ]
}
