{
  "results": [
    {
      "command": "mado",
      "mean": 0.043687260000000006,
      "stddev": 0.0003700150162205137,
      "median": 0.043587502,
      "user": 0.0683544,
      "system": 0.0077597,
      "min": 0.043201977,
      "max": 0.044307676000000004,
      "times": [
        0.043564971,
        0.043534823,
        0.044142444,
        0.043201977,
        0.043454248,
        0.04405801,
        0.043610033,
        0.043277895000000004,
        0.043720523000000004,
        0.044307676000000004
      ],
      "memory_usage_byte": [
        31842304,
        31842304,
        31842304,
        31842304,
        31842304,
        31842304,
        31842304,
        31842304,
        31842304,
        31842304
      ],
      "exit_codes": [
        1,
        1,
        1,
        1,
        1,
        1,
        1,
        1,
        1,
        1
      ]
    },
    {
      "command": "rumdl",
      "mean": 0.20258322200000003,
      "stddev": 0.002419467319623842,
      "median": 0.20173869650000004,
      "user": 0.7061925,
      "system": 0.024660599999999998,
      "min": 0.19948649400000001,
      "max": 0.20721645000000002,
      "times": [
        0.20054600900000003,
        0.20181632100000002,
        0.203352526,
        0.20166107200000002,
        0.20157846000000001,
        0.20721645000000002,
        0.20298664800000002,
        0.201121148,
        0.19948649400000001,
        0.206067092
      ],
      "memory_usage_byte": [
        51224576,
        51224576,
        51224576,
        51224576,
        51224576,
        51224576,
        53514240,
        53514240,
        53514240,
        53514240
      ],
      "exit_codes": [
        1,
        1,
        1,
        1,
        1,
        1,
        1,
        1,
        1,
        1
      ]
    },
    {
      "command": "panache",
      "mean": 0.5520957247,
      "stddev": 0.009488801772875083,
      "median": 0.5558756680000001,
      "user": 1.6559426000000002,
      "system": 0.0376545,
      "min": 0.528513046,
      "max": 0.560291924,
      "times": [
        0.547530158,
        0.5581093730000001,
        0.548466158,
        0.558613139,
        0.5494155390000001,
        0.558266574,
        0.556384729,
        0.5553666070000001,
        0.560291924,
        0.528513046
      ],
      "memory_usage_byte": [
        53514240,
        53514240,
        53514240,
        53514240,
        53514240,
        53514240,
        53514240,
        53514240,
        53514240,
        53514240
      ],
      "exit_codes": [
        0,
        0,
        0,
        0,
        0,
        0,
        0,
        0,
        0,
        0
      ]
    },
    {
      "command": "mdsmith-parity",
      "mean": 0.1811325082,
      "stddev": 0.0018527324620479832,
      "median": 0.1814451175,
      "user": 0.5382257000000001,
      "system": 0.033373799999999995,
      "min": 0.17892295100000002,
      "max": 0.183796239,
      "times": [
        0.183796239,
        0.18324741800000002,
        0.181498706,
        0.181497617,
        0.17892295100000002,
        0.17994130400000002,
        0.181392618,
        0.179024599,
        0.17897553300000002,
        0.183028097
      ],
      "memory_usage_byte": [
        53514240,
        53514240,
        53514240,
        53514240,
        53514240,
        53514240,
        53514240,
        53514240,
        53514240,
        53514240
      ],
      "exit_codes": [
        1,
        1,
        1,
        1,
        1,
        1,
        1,
        1,
        1,
        1
      ]
    },
    {
      "command": "mdsmith",
      "mean": 0.3285123807,
      "stddev": 0.0010526188482315154,
      "median": 0.32855467650000003,
      "user": 1.0145975999999999,
      "system": 0.0565221,
      "min": 0.326143803,
      "max": 0.32976735100000004,
      "times": [
        0.327659281,
        0.328276595,
        0.329464177,
        0.329356241,
        0.32833886,
        0.32832933400000003,
        0.328770493,
        0.32901767200000004,
        0.326143803,
        0.32976735100000004
      ],
      "memory_usage_byte": [
        55836672,
        55836672,
        55836672,
        55836672,
        55836672,
        55836672,
        55836672,
        55836672,
        55836672,
        55836672
      ],
      "exit_codes": [
        1,
        1,
        1,
        1,
        1,
        1,
        1,
        1,
        1,
        1
      ]
    }
  ]
}
