{
  "results": [
    {
      "command": "mado",
      "mean": 0.051163766900000004,
      "stddev": 0.003785791686988262,
      "median": 0.051138112,
      "user": 0.0790854,
      "system": 0.0168742,
      "min": 0.046259535000000004,
      "max": 0.059729751000000005,
      "times": [
        0.050421559000000005,
        0.046259535000000004,
        0.059729751000000005,
        0.052545707000000004,
        0.047919329000000004,
        0.051719877000000004,
        0.052060462,
        0.052976921,
        0.050556347,
        0.047448181000000006
      ],
      "memory_usage_byte": [
        31227904,
        31227904,
        31227904,
        31227904,
        31227904,
        31227904,
        31227904,
        31227904,
        31227904,
        31227904
      ],
      "exit_codes": [
        1,
        1,
        1,
        1,
        1,
        1,
        1,
        1,
        1,
        1
      ]
    },
    {
      "command": "rumdl",
      "mean": 0.23891910829999996,
      "stddev": 0.015700056344778113,
      "median": 0.2329696295,
      "user": 0.7057690000000001,
      "system": 0.05805629999999999,
      "min": 0.22586188100000001,
      "max": 0.26893086,
      "times": [
        0.26570691,
        0.26893086,
        0.236909849,
        0.229959658,
        0.24115111600000003,
        0.226736331,
        0.22586188100000001,
        0.232018727,
        0.23392053200000001,
        0.22799521900000003
      ],
      "memory_usage_byte": [
        51019776,
        51019776,
        51019776,
        51019776,
        51470336,
        51470336,
        51470336,
        51470336,
        51470336,
        51470336
      ],
      "exit_codes": [
        1,
        1,
        1,
        1,
        1,
        1,
        1,
        1,
        1,
        1
      ]
    },
    {
      "command": "panache",
      "mean": 0.4530576342,
      "stddev": 0.037017368811760896,
      "median": 0.43896298050000004,
      "user": 1.5566368000000002,
      "system": 0.11935889999999998,
      "min": 0.431538986,
      "max": 0.5550124900000001,
      "times": [
        0.438797462,
        0.43249990600000005,
        0.43833822600000005,
        0.44595971900000003,
        0.45265132,
        0.43523427200000003,
        0.46141546200000005,
        0.5550124900000001,
        0.439128499,
        0.431538986
      ],
      "memory_usage_byte": [
        51470336,
        51470336,
        51470336,
        51470336,
        51470336,
        51470336,
        51470336,
        51470336,
        51470336,
        51470336
      ],
      "exit_codes": [
        0,
        0,
        0,
        0,
        0,
        0,
        0,
        0,
        0,
        0
      ]
    },
    {
      "command": "mdsmith-parity",
      "mean": 0.13860913880000003,
      "stddev": 0.0018384706158456696,
      "median": 0.13844354200000003,
      "user": 0.4231339,
      "system": 0.040422099999999996,
      "min": 0.136213794,
      "max": 0.141911693,
      "times": [
        0.139145348,
        0.136213794,
        0.141911693,
        0.14085056,
        0.139499167,
        0.13623632600000002,
        0.137365661,
        0.137981755,
        0.13829080900000001,
        0.13859627500000002
      ],
      "memory_usage_byte": [
        51470336,
        51470336,
        51470336,
        51470336,
        51470336,
        51470336,
        51470336,
        51470336,
        51470336,
        51470336
      ],
      "exit_codes": [
        1,
        1,
        1,
        1,
        1,
        1,
        1,
        1,
        1,
        1
      ]
    },
    {
      "command": "mdsmith",
      "mean": 0.4560148667,
      "stddev": 0.00647163389020213,
      "median": 0.4557222475,
      "user": 1.1020341000000002,
      "system": 0.4959511999999999,
      "min": 0.44449700900000005,
      "max": 0.465213735,
      "times": [
        0.460643095,
        0.45084945000000004,
        0.46234158200000003,
        0.465213735,
        0.455341784,
        0.461607994,
        0.44449700900000005,
        0.450389446,
        0.45316186100000005,
        0.45610271100000005
      ],
      "memory_usage_byte": [
        51470336,
        51470336,
        51470336,
        51470336,
        51470336,
        51470336,
        51470336,
        51470336,
        51470336,
        51470336
      ],
      "exit_codes": [
        1,
        1,
        1,
        1,
        1,
        1,
        1,
        1,
        1,
        1
      ]
    }
  ]
}
