{
  "results": [
    {
      "command": "mado",
      "mean": 0.047124815699999996,
      "stddev": 0.0037404509662856923,
      "median": 0.045885482500000005,
      "user": 0.0709163,
      "system": 0.017158799999999995,
      "min": 0.044339554,
      "max": 0.057018466000000004,
      "times": [
        0.046379055,
        0.048603591,
        0.044828237,
        0.047295076000000005,
        0.045228845000000004,
        0.057018466000000004,
        0.044339554,
        0.044767032000000005,
        0.047396391,
        0.04539191
      ],
      "memory_usage_byte": [
        28893184,
        29577216,
        29577216,
        29577216,
        29577216,
        29577216,
        29577216,
        29577216,
        29577216,
        29577216
      ],
      "exit_codes": [
        1,
        1,
        1,
        1,
        1,
        1,
        1,
        1,
        1,
        1
      ]
    },
    {
      "command": "rumdl",
      "mean": 0.22440658750000003,
      "stddev": 0.00773509219296737,
      "median": 0.22086099200000003,
      "user": 0.6440514000000002,
      "system": 0.051323799999999996,
      "min": 0.218389614,
      "max": 0.24100219800000003,
      "times": [
        0.22043188000000002,
        0.218389614,
        0.232996049,
        0.23038930600000002,
        0.21945181900000002,
        0.24100219800000003,
        0.21887799700000002,
        0.218622319,
        0.22129010400000002,
        0.222614589
      ],
      "memory_usage_byte": [
        48304128,
        48304128,
        48304128,
        48877568,
        49184768,
        51941376,
        51941376,
        51941376,
        51941376,
        51941376
      ],
      "exit_codes": [
        1,
        1,
        1,
        1,
        1,
        1,
        1,
        1,
        1,
        1
      ]
    },
    {
      "command": "panache",
      "mean": 0.41074383340000004,
      "stddev": 0.039091290097951044,
      "median": 0.398719723,
      "user": 1.4314201,
      "system": 0.1028201,
      "min": 0.394606716,
      "max": 0.521395444,
      "times": [
        0.395432377,
        0.39954929,
        0.394606716,
        0.399447417,
        0.397992029,
        0.39534606600000005,
        0.408327298,
        0.521395444,
        0.40034127700000005,
        0.39500042
      ],
      "memory_usage_byte": [
        51941376,
        51941376,
        51941376,
        51941376,
        51941376,
        51941376,
        51941376,
        51941376,
        51941376,
        51941376
      ],
      "exit_codes": [
        0,
        0,
        0,
        0,
        0,
        0,
        0,
        0,
        0,
        0
      ]
    },
    {
      "command": "mdsmith-parity",
      "mean": 0.10885354,
      "stddev": 0.0010532870768439364,
      "median": 0.108529929,
      "user": 0.3169197,
      "system": 0.0414644,
      "min": 0.107745983,
      "max": 0.110935458,
      "times": [
        0.107814327,
        0.108299874,
        0.108150827,
        0.109713375,
        0.110935458,
        0.11005885000000001,
        0.10827241300000001,
        0.108759984,
        0.10878430900000001,
        0.107745983
      ],
      "memory_usage_byte": [
        51941376,
        51941376,
        51941376,
        51941376,
        51941376,
        51941376,
        51941376,
        51941376,
        51941376,
        51941376
      ],
      "exit_codes": [
        1,
        1,
        1,
        1,
        1,
        1,
        1,
        1,
        1,
        1
      ]
    },
    {
      "command": "mdsmith",
      "mean": 0.49381116590000007,
      "stddev": 0.008784035009804398,
      "median": 0.49246873700000005,
      "user": 1.1711998000000001,
      "system": 0.47696560000000005,
      "min": 0.480066174,
      "max": 0.507147829,
      "times": [
        0.480066174,
        0.506401866,
        0.49078355300000004,
        0.48645105800000005,
        0.497676722,
        0.507147829,
        0.48627330700000004,
        0.49415392100000005,
        0.498623452,
        0.490533777
      ],
      "memory_usage_byte": [
        51941376,
        51941376,
        51941376,
        51941376,
        51941376,
        51941376,
        51941376,
        51941376,
        51941376,
        51941376
      ],
      "exit_codes": [
        1,
        1,
        1,
        1,
        1,
        1,
        1,
        1,
        1,
        1
      ]
    }
  ]
}
