{
  "results": [
    {
      "command": "mado",
      "mean": 0.047192842,
      "stddev": 0.0029039616509920056,
      "median": 0.0460544525,
      "user": 0.0750583,
      "system": 0.0084908,
      "min": 0.045270513000000005,
      "max": 0.054635598,
      "times": [
        0.049606693,
        0.046291109000000004,
        0.045323482000000005,
        0.04712617,
        0.045785905,
        0.045829848,
        0.045780045000000005,
        0.054635598,
        0.045270513000000005,
        0.046279057000000005
      ],
      "memory_usage_byte": [
        31735808,
        31735808,
        31735808,
        31735808,
        31735808,
        31735808,
        31735808,
        31735808,
        31735808,
        31735808
      ],
      "exit_codes": [
        1,
        1,
        1,
        1,
        1,
        1,
        1,
        1,
        1,
        1
      ]
    },
    {
      "command": "rumdl",
      "mean": 0.1955389504,
      "stddev": 0.002738071806525828,
      "median": 0.195430284,
      "user": 0.6473108,
      "system": 0.0346596,
      "min": 0.19172284,
      "max": 0.200767467,
      "times": [
        0.19800160900000002,
        0.19581358100000001,
        0.19691839600000002,
        0.19172284,
        0.19180356,
        0.194391735,
        0.19445990300000002,
        0.19646342600000002,
        0.195046987,
        0.200767467
      ],
      "memory_usage_byte": [
        54382592,
        54382592,
        54382592,
        54382592,
        54382592,
        54382592,
        54382592,
        54382592,
        54382592,
        54382592
      ],
      "exit_codes": [
        1,
        1,
        1,
        1,
        1,
        1,
        1,
        1,
        1,
        1
      ]
    },
    {
      "command": "panache",
      "mean": 0.5469285429,
      "stddev": 0.023551735314494712,
      "median": 0.554426246,
      "user": 1.6127793000000001,
      "system": 0.0536039,
      "min": 0.522802915,
      "max": 0.5954068690000001,
      "times": [
        0.522802915,
        0.554710527,
        0.558712089,
        0.523569237,
        0.556432502,
        0.5954068690000001,
        0.523867633,
        0.554141965,
        0.5562478470000001,
        0.5233938450000001
      ],
      "memory_usage_byte": [
        54382592,
        54382592,
        54382592,
        54382592,
        54382592,
        54382592,
        54382592,
        54382592,
        54382592,
        54382592
      ],
      "exit_codes": [
        0,
        0,
        0,
        0,
        0,
        0,
        0,
        0,
        0,
        0
      ]
    },
    {
      "command": "mdsmith-parity",
      "mean": 0.17943839980000004,
      "stddev": 0.0014575248293847546,
      "median": 0.179379903,
      "user": 0.47612629999999995,
      "system": 0.041856199999999996,
      "min": 0.17687518000000002,
      "max": 0.181440597,
      "times": [
        0.17868562300000002,
        0.178584182,
        0.17687518000000002,
        0.181440597,
        0.180504419,
        0.18052278400000002,
        0.180928692,
        0.178082715,
        0.178721809,
        0.180037997
      ],
      "memory_usage_byte": [
        54382592,
        54382592,
        54382592,
        54382592,
        54382592,
        54382592,
        54382592,
        54382592,
        54382592,
        54382592
      ],
      "exit_codes": [
        1,
        1,
        1,
        1,
        1,
        1,
        1,
        1,
        1,
        1
      ]
    },
    {
      "command": "mdsmith",
      "mean": 0.34074713170000004,
      "stddev": 0.002825210303600672,
      "median": 0.340287813,
      "user": 0.9812237999999999,
      "system": 0.07938179999999999,
      "min": 0.337260027,
      "max": 0.34712736800000005,
      "times": [
        0.337260027,
        0.34712736800000005,
        0.34198859600000003,
        0.33982836600000005,
        0.34308934300000005,
        0.338242692,
        0.34079876800000003,
        0.33917044500000004,
        0.339218452,
        0.34074726
      ],
      "memory_usage_byte": [
        54382592,
        54382592,
        54382592,
        54382592,
        54382592,
        54382592,
        54382592,
        54382592,
        54382592,
        54382592
      ],
      "exit_codes": [
        1,
        1,
        1,
        1,
        1,
        1,
        1,
        1,
        1,
        1
      ]
    }
  ]
}
