{
  "results": [
    {
      "command": "markdownlint-cli2",
      "mean": 3.2789603191666665,
      "stddev": 0.11974877914965398,
      "median": 3.2148806855,
      "user": 4.9769685,
      "system": 0.3774423333333334,
      "min": 3.181666057,
      "max": 3.458101747,
      "times": [
        3.404196449,
        3.458101747,
        3.200036291,
        3.21209352,
        3.217667851,
        3.181666057
      ],
      "memory_usage_byte": [
        379236352,
        384299008,
        384299008,
        384299008,
        384299008,
        384299008
      ],
      "exit_codes": [
        1,
        1,
        1,
        1,
        1,
        1
      ]
    }
  ]
}
