{
  "results": [
    {
      "command": "markdownlint-cli2",
      "mean": 3.0225276515000004,
      "stddev": 0.07302118798110765,
      "median": 3.048361115,
      "user": 4.491514499999999,
      "system": 0.3146993333333333,
      "min": 2.924833225,
      "max": 3.116673602,
      "times": [
        3.050350978,
        3.052098926,
        2.944837926,
        3.046371252,
        2.924833225,
        3.116673602
      ],
      "memory_usage_byte": [
        394903552,
        394903552,
        394903552,
        394903552,
        394903552,
        394903552
      ],
      "exit_codes": [
        1,
        1,
        1,
        1,
        1,
        1
      ]
    }
  ]
}
