{
  "results": [
    {
      "command": "mado",
      "mean": 0.04538876940000001,
      "stddev": 0.001798236917522717,
      "median": 0.044713510500000005,
      "user": 0.0661261,
      "system": 0.0178309,
      "min": 0.044227671,
      "max": 0.050280539000000006,
      "times": [
        0.044738296000000004,
        0.044561384,
        0.045181904,
        0.045503773000000004,
        0.044568545,
        0.044264197000000005,
        0.044227671,
        0.04587266,
        0.050280539000000006,
        0.044688725000000006
      ],
      "memory_usage_byte": [
        29085696,
        29188096,
        31297536,
        31297536,
        31297536,
        31297536,
        31297536,
        31297536,
        31297536,
        31297536
      ],
      "exit_codes": [
        1,
        1,
        1,
        1,
        1,
        1,
        1,
        1,
        1,
        1
      ]
    },
    {
      "command": "rumdl",
      "mean": 0.23125621400000002,
      "stddev": 0.022895225618590503,
      "median": 0.21760548700000001,
      "user": 0.6414291000000001,
      "system": 0.05908610000000001,
      "min": 0.21119362100000003,
      "max": 0.267806504,
      "times": [
        0.21508172,
        0.215091625,
        0.214450624,
        0.267614915,
        0.267806504,
        0.25285819400000004,
        0.21119362100000003,
        0.219688567,
        0.21552240700000003,
        0.233253963
      ],
      "memory_usage_byte": [
        50769920,
        50769920,
        50769920,
        51556352,
        51556352,
        53788672,
        53788672,
        53788672,
        53788672,
        53788672
      ],
      "exit_codes": [
        1,
        1,
        1,
        1,
        1,
        1,
        1,
        1,
        1,
        1
      ]
    },
    {
      "command": "panache",
      "mean": 0.4088721735000001,
      "stddev": 0.021006278509297666,
      "median": 0.402725072,
      "user": 1.4230127,
      "system": 0.1216729,
      "min": 0.39791932500000005,
      "max": 0.46803400800000006,
      "times": [
        0.39791932500000005,
        0.405973583,
        0.398496599,
        0.401280526,
        0.40507987500000003,
        0.401631921,
        0.40655269400000005,
        0.46803400800000006,
        0.40381822300000003,
        0.399934981
      ],
      "memory_usage_byte": [
        53788672,
        53788672,
        53788672,
        53788672,
        53788672,
        53788672,
        53788672,
        53788672,
        53788672,
        53788672
      ],
      "exit_codes": [
        0,
        0,
        0,
        0,
        0,
        0,
        0,
        0,
        0,
        0
      ]
    },
    {
      "command": "mdsmith-parity",
      "mean": 0.1145446869,
      "stddev": 0.0018079812817157512,
      "median": 0.11493240800000001,
      "user": 0.32266160000000005,
      "system": 0.050660899999999995,
      "min": 0.11161743800000001,
      "max": 0.117211912,
      "times": [
        0.11161743800000001,
        0.11487296300000001,
        0.114991853,
        0.11292389200000001,
        0.115256464,
        0.11402015200000001,
        0.116912924,
        0.11511576100000001,
        0.11252351000000001,
        0.117211912
      ],
      "memory_usage_byte": [
        53788672,
        53788672,
        53788672,
        53788672,
        53788672,
        53788672,
        53788672,
        53788672,
        53788672,
        53788672
      ],
      "exit_codes": [
        1,
        1,
        1,
        1,
        1,
        1,
        1,
        1,
        1,
        1
      ]
    },
    {
      "command": "mdsmith",
      "mean": 0.5267157559000001,
      "stddev": 0.012939726828108344,
      "median": 0.5222310355,
      "user": 1.1759233,
      "system": 0.5577285000000001,
      "min": 0.51440219,
      "max": 0.5591091890000001,
      "times": [
        0.518953373,
        0.522503291,
        0.5591091890000001,
        0.51440219,
        0.520875395,
        0.527233003,
        0.5177767990000001,
        0.5219587800000001,
        0.52820403,
        0.536141509
      ],
      "memory_usage_byte": [
        53788672,
        53788672,
        53788672,
        53788672,
        53788672,
        53788672,
        53788672,
        53788672,
        53788672,
        53788672
      ],
      "exit_codes": [
        1,
        1,
        1,
        1,
        1,
        1,
        1,
        1,
        1,
        1
      ]
    }
  ]
}
