{
  "results": [
    {
      "command": "markdownlint-cli2",
      "mean": 3.319526758666667,
      "stddev": 0.08673048760557944,
      "median": 3.3027605170000003,
      "user": 5.090048666666667,
      "system": 0.3799238333333333,
      "min": 3.241967062,
      "max": 3.488569538,
      "times": [
        3.488569538,
        3.305452464,
        3.241967062,
        3.30006857,
        3.310097261,
        3.271005657
      ],
      "memory_usage_byte": [
        375721984,
        375721984,
        375721984,
        375721984,
        375721984,
        375721984
      ],
      "exit_codes": [
        1,
        1,
        1,
        1,
        1,
        1
      ]
    }
  ]
}
