{
  "results": [
    {
      "command": "mado",
      "mean": 0.048398521,
      "stddev": 0.005704234816055448,
      "median": 0.045381717,
      "user": 0.0775084,
      "system": 0.0089555,
      "min": 0.044690764,
      "max": 0.059537452000000005,
      "times": [
        0.044968582,
        0.044690764,
        0.045000221,
        0.044792905,
        0.059537452000000005,
        0.057629002000000006,
        0.045394265,
        0.051065919,
        0.045536931,
        0.045369169
      ],
      "memory_usage_byte": [
        35524608,
        35524608,
        35524608,
        35524608,
        35524608,
        35524608,
        35524608,
        35524608,
        35524608,
        35524608
      ],
      "exit_codes": [
        1,
        1,
        1,
        1,
        1,
        1,
        1,
        1,
        1,
        1
      ]
    },
    {
      "command": "rumdl",
      "mean": 0.1949100056,
      "stddev": 0.002644695500353375,
      "median": 0.19549927700000003,
      "user": 0.6453811,
      "system": 0.0352645,
      "min": 0.191191198,
      "max": 0.198317829,
      "times": [
        0.19206664,
        0.198317829,
        0.195971357,
        0.191191198,
        0.196465978,
        0.19150353,
        0.195027197,
        0.193685557,
        0.19747093100000002,
        0.19739983900000002
      ],
      "memory_usage_byte": [
        50352128,
        50352128,
        51027968,
        52547584,
        52547584,
        52547584,
        52547584,
        52547584,
        52547584,
        52547584
      ],
      "exit_codes": [
        1,
        1,
        1,
        1,
        1,
        1,
        1,
        1,
        1,
        1
      ]
    },
    {
      "command": "panache",
      "mean": 0.5344535449000001,
      "stddev": 0.015001821985496655,
      "median": 0.5244682030000001,
      "user": 1.6215592,
      "system": 0.05342199999999999,
      "min": 0.520588948,
      "max": 0.555320491,
      "times": [
        0.521726087,
        0.520588948,
        0.555320491,
        0.5239287930000001,
        0.55111502,
        0.5503081670000001,
        0.522841956,
        0.523422157,
        0.525007613,
        0.5502762170000001
      ],
      "memory_usage_byte": [
        52547584,
        52547584,
        52547584,
        52547584,
        52547584,
        52547584,
        52547584,
        52547584,
        52547584,
        52547584
      ],
      "exit_codes": [
        0,
        0,
        0,
        0,
        0,
        0,
        0,
        0,
        0,
        0
      ]
    },
    {
      "command": "mdsmith-parity",
      "mean": 0.1788076294,
      "stddev": 0.002934172159937157,
      "median": 0.1785303225,
      "user": 0.4721626,
      "system": 0.0437174,
      "min": 0.175415667,
      "max": 0.184134497,
      "times": [
        0.178257264,
        0.184134497,
        0.175452677,
        0.175584612,
        0.175415667,
        0.178351209,
        0.17970265800000002,
        0.182430382,
        0.180037892,
        0.178709436
      ],
      "memory_usage_byte": [
        52547584,
        52547584,
        52547584,
        52547584,
        52547584,
        52547584,
        52547584,
        52547584,
        52547584,
        52547584
      ],
      "exit_codes": [
        1,
        1,
        1,
        1,
        1,
        1,
        1,
        1,
        1,
        1
      ]
    },
    {
      "command": "mdsmith",
      "mean": 0.3438098466,
      "stddev": 0.00970407800389865,
      "median": 0.340894504,
      "user": 0.9861745000000001,
      "system": 0.07713030000000001,
      "min": 0.338679677,
      "max": 0.371095769,
      "times": [
        0.34339998000000005,
        0.33926024200000005,
        0.341660307,
        0.371095769,
        0.34043128500000003,
        0.342585274,
        0.340857099,
        0.34093190900000003,
        0.339196924,
        0.338679677
      ],
      "memory_usage_byte": [
        54386688,
        54386688,
        54386688,
        54464512,
        54464512,
        54464512,
        54464512,
        54464512,
        54464512,
        54464512
      ],
      "exit_codes": [
        1,
        1,
        1,
        1,
        1,
        1,
        1,
        1,
        1,
        1
      ]
    }
  ]
}
