{
  "results": [
    {
      "command": "markdownlint-cli2",
      "mean": 3.4906886,
      "stddev": 0.1464650773765879,
      "median": 3.4373500665,
      "user": 5.384967166666666,
      "system": 0.2997261666666667,
      "min": 3.347057757,
      "max": 3.680642866,
      "times": [
        3.667554406,
        3.680642866,
        3.436623195,
        3.438076938,
        3.374176438,
        3.347057757
      ],
      "memory_usage_byte": [
        384352256,
        384352256,
        384352256,
        384352256,
        384352256,
        384352256
      ],
      "exit_codes": [
        1,
        1,
        1,
        1,
        1,
        1
      ]
    }
  ]
}
